vehicle_id,capacity_units,reefer_supported,reefer_power_kw,fixed_cost,per_km_cost,co2_factor_kg_per_km
V0,1740,1,3.0,80,7.5,1.0
V1,1285,0,0.0,80,7.5,1.28
V2,905,0,0.0,80,7.5,0.76
V3,4482,0,0.0,80,7.5,0.75
V4,3802,1,3.0,80,7.5,0.79
V5,2113,1,3.0,80,7.5,0.95
V6,2134,1,3.0,80,7.5,0.88
V7,1974,0,0.0,80,7.5,1.05
V8,3192,1,3.0,80,7.5,1.18
V9,3196,0,0.0,80,7.5,1.45
V10,3297,1,3.0,80,7.5,1.36
V11,1302,1,3.0,80,7.5,0.95
V12,3331,0,0.0,80,7.5,0.84
V13,2200,0,0.0,80,7.5,0.76
V14,3615,1,3.0,80,7.5,0.64
V15,2971,1,3.0,80,7.5,1.37
V16,2449,1,3.0,80,7.5,0.79
V17,987,1,3.0,80,7.5,1.06
V18,3057,0,0.0,80,7.5,1.24
V19,3269,0,0.0,80,7.5,1.39
V20,2848,1,3.0,80,7.5,1.03
V21,3377,1,3.0,80,7.5,1.12
V22,2152,1,3.0,80,7.5,1.09
V23,3768,1,3.0,80,7.5,0.67
V24,2476,0,0.0,80,7.5,1.13
V25,3332,1,3.0,80,7.5,1.33
V26,4425,1,3.0,80,7.5,1.43
V27,1371,1,3.0,80,7.5,1.07
V28,4254,1,3.0,80,7.5,0.9
V29,1342,0,0.0,80,7.5,1.44
V30,4889,0,0.0,80,7.5,1.22
V31,2645,0,0.0,80,7.5,1.41
V32,995,1,3.0,80,7.5,1.16
V33,3659,1,3.0,80,7.5,1.49
V34,2051,0,0.0,80,7.5,1.02
V35,1553,0,0.0,80,7.5,0.77
V36,4823,1,3.0,80,7.5,1.48
V37,2318,0,0.0,80,7.5,1.19
V38,1590,1,3.0,80,7.5,0.65
V39,1955,0,0.0,80,7.5,1.12
V40,1890,1,3.0,80,7.5,1.26
V41,4602,1,3.0,80,7.5,0.66
V42,3274,1,3.0,80,7.5,1.0
V43,1801,1,3.0,80,7.5,0.76
V44,2115,1,3.0,80,7.5,0.91
V45,2422,0,0.0,80,7.5,1.27
V46,2582,1,3.0,80,7.5,1.25
V47,4263,0,0.0,80,7.5,1.27
V48,2844,0,0.0,80,7.5,1.02
V49,2160,0,0.0,80,7.5,0.97
V50,1373,0,0.0,80,7.5,0.96
V51,2867,0,0.0,80,7.5,0.85
V52,1735,1,3.0,80,7.5,0.94
V53,3707,1,3.0,80,7.5,1.28
V54,2579,1,3.0,80,7.5,0.76
V55,3017,0,0.0,80,7.5,0.94
V56,1204,0,0.0,80,7.5,0.73
V57,3111,0,0.0,80,7.5,1.01
V58,4161,1,3.0,80,7.5,0.76
V59,1738,0,0.0,80,7.5,1.37
V60,1210,0,0.0,80,7.5,1.21
V61,4388,1,3.0,80,7.5,1.26
V62,4906,0,0.0,80,7.5,0.61
V63,2053,1,3.0,80,7.5,1.11
V64,3507,0,0.0,80,7.5,1.21
V65,4967,0,0.0,80,7.5,0.77
V66,4978,1,3.0,80,7.5,1.28
V67,4860,1,3.0,80,7.5,0.82
V68,863,0,0.0,80,7.5,1.4
V69,1913,0,0.0,80,7.5,1.0
V70,4973,0,0.0,80,7.5,1.49
V71,4937,1,3.0,80,7.5,0.82
V72,1193,0,0.0,80,7.5,0.82
V73,1565,1,3.0,80,7.5,0.93
V74,3019,1,3.0,80,7.5,1.11
V75,2948,1,3.0,80,7.5,0.81
V76,1124,1,3.0,80,7.5,0.75
V77,3825,0,0.0,80,7.5,1.04
V78,1073,0,0.0,80,7.5,0.79
V79,993,1,3.0,80,7.5,1.3
V80,1899,0,0.0,80,7.5,1.05
V81,840,1,3.0,80,7.5,1.04
V82,3652,0,0.0,80,7.5,0.86
V83,4012,1,3.0,80,7.5,0.88
V84,2777,1,3.0,80,7.5,0.96
V85,3568,0,0.0,80,7.5,0.98
V86,4413,1,3.0,80,7.5,0.87
V87,4066,1,3.0,80,7.5,1.15
V88,4950,0,0.0,80,7.5,1.14
V89,984,0,0.0,80,7.5,1.18
V90,2393,1,3.0,80,7.5,1.28
V91,1355,0,0.0,80,7.5,1.0
V92,4304,1,3.0,80,7.5,0.82
V93,4939,0,0.0,80,7.5,1.06
V94,3465,0,0.0,80,7.5,0.83
V95,3965,0,0.0,80,7.5,1.12
V96,3478,0,0.0,80,7.5,1.11
V97,3298,1,3.0,80,7.5,1.18
V98,1872,0,0.0,80,7.5,0.86
V99,1409,0,0.0,80,7.5,0.82
V100,4232,0,0.0,80,7.5,1.04
V101,3214,0,0.0,80,7.5,1.09
V102,1215,0,0.0,80,7.5,1.31
V103,2255,0,0.0,80,7.5,0.64
V104,4776,0,0.0,80,7.5,0.95
V105,977,0,0.0,80,7.5,1.44
V106,2772,1,3.0,80,7.5,0.91
V107,3695,0,0.0,80,7.5,0.6
V108,3700,0,0.0,80,7.5,1.2
V109,1647,1,3.0,80,7.5,1.17
V110,933,1,3.0,80,7.5,0.76
V111,3741,1,3.0,80,7.5,0.95
V112,1652,0,0.0,80,7.5,0.94
V113,4687,0,0.0,80,7.5,0.65
V114,1499,0,0.0,80,7.5,0.99
V115,1468,1,3.0,80,7.5,0.86
V116,2777,1,3.0,80,7.5,1.5
V117,2665,1,3.0,80,7.5,1.49
V118,2009,1,3.0,80,7.5,1.42
V119,2850,1,3.0,80,7.5,0.76
V120,4968,1,3.0,80,7.5,0.96
V121,1437,0,0.0,80,7.5,1.02
V122,2924,1,3.0,80,7.5,1.41
V123,1101,1,3.0,80,7.5,0.62
V124,2824,0,0.0,80,7.5,0.94
V125,3434,1,3.0,80,7.5,0.94
V126,1455,0,0.0,80,7.5,0.66
V127,1932,1,3.0,80,7.5,0.82
V128,1460,0,0.0,80,7.5,1.03
V129,3653,0,0.0,80,7.5,0.7
V130,1387,1,3.0,80,7.5,0.69
V131,1858,0,0.0,80,7.5,0.76
V132,1811,0,0.0,80,7.5,1.08
V133,1448,1,3.0,80,7.5,1.28
V134,3744,0,0.0,80,7.5,0.88
V135,3183,1,3.0,80,7.5,1.44
V136,4051,0,0.0,80,7.5,0.93
V137,3566,0,0.0,80,7.5,1.05
V138,1633,0,0.0,80,7.5,1.12
V139,2014,0,0.0,80,7.5,1.13
V140,1589,0,0.0,80,7.5,0.88
V141,2844,1,3.0,80,7.5,0.99
V142,1737,0,0.0,80,7.5,0.73
V143,4265,0,0.0,80,7.5,1.33
V144,2370,0,0.0,80,7.5,0.79
V145,2116,1,3.0,80,7.5,1.31
V146,4615,0,0.0,80,7.5,1.46
V147,1759,0,0.0,80,7.5,0.68
V148,3980,1,3.0,80,7.5,1.25
V149,2826,1,3.0,80,7.5,1.37
V150,1194,1,3.0,80,7.5,0.62
V151,3785,1,3.0,80,7.5,1.12
V152,2461,1,3.0,80,7.5,1.07
V153,2672,0,0.0,80,7.5,1.46
V154,4907,0,0.0,80,7.5,1.04
V155,3032,1,3.0,80,7.5,1.11
V156,4225,1,3.0,80,7.5,1.11
V157,1512,1,3.0,80,7.5,1.36
V158,917,0,0.0,80,7.5,0.73
V159,3506,0,0.0,80,7.5,1.4
V160,993,0,0.0,80,7.5,0.69
V161,2454,1,3.0,80,7.5,1.28
V162,2673,1,3.0,80,7.5,0.68
V163,4375,1,3.0,80,7.5,0.63
V164,2692,1,3.0,80,7.5,1.16
V165,1411,0,0.0,80,7.5,1.11
V166,3014,1,3.0,80,7.5,0.84
V167,1992,0,0.0,80,7.5,1.37
V168,1784,1,3.0,80,7.5,1.36
V169,4362,1,3.0,80,7.5,0.92
V170,4714,1,3.0,80,7.5,1.1
V171,923,1,3.0,80,7.5,0.96
V172,1183,1,3.0,80,7.5,0.96
V173,3972,0,0.0,80,7.5,1.28
V174,2599,1,3.0,80,7.5,1.03
V175,4241,1,3.0,80,7.5,0.69
V176,3508,1,3.0,80,7.5,1.35
V177,1968,1,3.0,80,7.5,1.27
V178,1033,0,0.0,80,7.5,1.42
V179,4147,0,0.0,80,7.5,0.77
V180,1979,0,0.0,80,7.5,0.98
V181,2305,0,0.0,80,7.5,0.63
V182,3981,1,3.0,80,7.5,1.35
V183,4946,1,3.0,80,7.5,1.22
V184,4940,0,0.0,80,7.5,1.33
V185,2487,0,0.0,80,7.5,0.96
V186,1595,0,0.0,80,7.5,1.22
V187,2152,1,3.0,80,7.5,0.67
V188,2803,0,0.0,80,7.5,1.32
V189,3466,1,3.0,80,7.5,1.0
V190,3928,1,3.0,80,7.5,1.09
V191,4523,1,3.0,80,7.5,0.71
V192,4108,0,0.0,80,7.5,0.78
V193,2105,1,3.0,80,7.5,1.13
V194,4849,0,0.0,80,7.5,0.84
V195,890,1,3.0,80,7.5,0.78
V196,1159,0,0.0,80,7.5,1.47
V197,4617,0,0.0,80,7.5,1.28
V198,2474,0,0.0,80,7.5,0.65
V199,4976,1,3.0,80,7.5,1.03
V200,3253,0,0.0,80,7.5,0.72
V201,3621,0,0.0,80,7.5,1.29
V202,3243,1,3.0,80,7.5,0.89
V203,3265,0,0.0,80,7.5,1.04
V204,2626,1,3.0,80,7.5,0.82
V205,2206,1,3.0,80,7.5,1.09
V206,1164,1,3.0,80,7.5,1.07
V207,3341,1,3.0,80,7.5,0.88
V208,1547,0,0.0,80,7.5,0.61
V209,3381,1,3.0,80,7.5,1.38
V210,1750,0,0.0,80,7.5,0.62
V211,2155,1,3.0,80,7.5,0.67
V212,4320,1,3.0,80,7.5,0.91
V213,2118,0,0.0,80,7.5,1.27
V214,1549,1,3.0,80,7.5,0.74
V215,2996,0,0.0,80,7.5,0.66
V216,2891,1,3.0,80,7.5,0.73
V217,3209,0,0.0,80,7.5,0.79
V218,3628,1,3.0,80,7.5,0.74
V219,4181,1,3.0,80,7.5,1.01
V220,1832,0,0.0,80,7.5,1.28
V221,2147,1,3.0,80,7.5,1.19
V222,2655,0,0.0,80,7.5,1.48
V223,1205,0,0.0,80,7.5,0.95
V224,4246,0,0.0,80,7.5,1.35
V225,1194,0,0.0,80,7.5,1.16
V226,4039,1,3.0,80,7.5,1.39
V227,1135,0,0.0,80,7.5,0.6
V228,814,1,3.0,80,7.5,0.76
V229,4297,0,0.0,80,7.5,1.31
V230,1780,0,0.0,80,7.5,1.13
V231,2134,0,0.0,80,7.5,0.7
V232,1333,0,0.0,80,7.5,1.08
V233,2476,0,0.0,80,7.5,1.28
V234,2435,1,3.0,80,7.5,0.74
V235,2431,1,3.0,80,7.5,0.91
V236,2844,0,0.0,80,7.5,0.97
V237,1252,1,3.0,80,7.5,0.89
V238,3238,0,0.0,80,7.5,0.82
V239,1482,1,3.0,80,7.5,1.36
V240,1298,0,0.0,80,7.5,1.39
V241,1040,0,0.0,80,7.5,0.78
V242,4149,1,3.0,80,7.5,1.28
V243,3409,0,0.0,80,7.5,0.99
V244,1689,0,0.0,80,7.5,1.14
V245,3101,0,0.0,80,7.5,1.23
V246,3211,1,3.0,80,7.5,1.12
V247,2780,0,0.0,80,7.5,0.96
V248,1619,0,0.0,80,7.5,0.74
V249,3096,0,0.0,80,7.5,1.07
V250,4134,0,0.0,80,7.5,1.26
V251,902,1,3.0,80,7.5,0.95
V252,1531,1,3.0,80,7.5,1.01
V253,4907,0,0.0,80,7.5,0.8
V254,1792,0,0.0,80,7.5,0.72
V255,3971,1,3.0,80,7.5,1.31
V256,4869,1,3.0,80,7.5,0.94
V257,3911,1,3.0,80,7.5,0.89
V258,4628,0,0.0,80,7.5,0.73
V259,3864,0,0.0,80,7.5,0.8
V260,1491,0,0.0,80,7.5,0.95
V261,3779,1,3.0,80,7.5,1.02
V262,4126,1,3.0,80,7.5,0.84
V263,2600,0,0.0,80,7.5,1.07
V264,4625,0,0.0,80,7.5,0.68
V265,4498,0,0.0,80,7.5,1.23
V266,3819,1,3.0,80,7.5,1.17
V267,2496,0,0.0,80,7.5,0.77
V268,2730,1,3.0,80,7.5,1.35
V269,3552,1,3.0,80,7.5,0.86
V270,3894,0,0.0,80,7.5,1.04
V271,3894,0,0.0,80,7.5,0.69
V272,1383,0,0.0,80,7.5,0.83
V273,4000,0,0.0,80,7.5,0.89
V274,952,1,3.0,80,7.5,1.12
V275,1956,1,3.0,80,7.5,0.9
V276,4427,1,3.0,80,7.5,1.08
V277,4784,1,3.0,80,7.5,0.66
V278,4290,0,0.0,80,7.5,1.44
V279,2645,1,3.0,80,7.5,1.5
V280,4358,0,0.0,80,7.5,1.05
V281,1003,1,3.0,80,7.5,0.78
V282,4948,1,3.0,80,7.5,1.34
V283,2251,0,0.0,80,7.5,0.78
V284,4707,0,0.0,80,7.5,1.48
V285,3763,1,3.0,80,7.5,1.06
V286,1869,0,0.0,80,7.5,0.76
V287,2792,0,0.0,80,7.5,1.41
V288,1057,0,0.0,80,7.5,0.91
V289,2682,1,3.0,80,7.5,1.23
V290,3551,0,0.0,80,7.5,0.76
V291,2209,0,0.0,80,7.5,0.97
V292,1961,1,3.0,80,7.5,1.43
V293,2091,0,0.0,80,7.5,0.81
V294,2787,0,0.0,80,7.5,0.68
V295,1546,1,3.0,80,7.5,1.39
V296,3512,1,3.0,80,7.5,0.96
V297,1680,0,0.0,80,7.5,0.73
V298,3292,0,0.0,80,7.5,1.18
V299,1283,0,0.0,80,7.5,0.93
V300,2774,1,3.0,80,7.5,1.1
V301,1730,1,3.0,80,7.5,0.63
V302,3985,1,3.0,80,7.5,0.79
V303,3317,0,0.0,80,7.5,1.05
V304,3042,1,3.0,80,7.5,1.47
V305,3025,1,3.0,80,7.5,1.01
V306,3176,1,3.0,80,7.5,0.63
V307,4545,0,0.0,80,7.5,0.79
V308,3416,0,0.0,80,7.5,1.24
V309,895,0,0.0,80,7.5,1.14
V310,2068,0,0.0,80,7.5,1.16
V311,3512,1,3.0,80,7.5,0.72
V312,3739,0,0.0,80,7.5,1.02
V313,1134,1,3.0,80,7.5,0.77
V314,964,1,3.0,80,7.5,0.73
V315,1053,1,3.0,80,7.5,1.12
V316,4463,0,0.0,80,7.5,1.29
V317,3647,1,3.0,80,7.5,0.8
V318,4236,1,3.0,80,7.5,1.46
V319,1961,0,0.0,80,7.5,0.72
V320,1196,1,3.0,80,7.5,1.14
V321,1268,0,0.0,80,7.5,0.99
V322,1178,0,0.0,80,7.5,0.71
V323,4914,1,3.0,80,7.5,0.97
V324,4783,1,3.0,80,7.5,1.06
V325,1557,0,0.0,80,7.5,1.27
V326,2972,1,3.0,80,7.5,1.16
V327,4203,1,3.0,80,7.5,1.16
V328,2791,1,3.0,80,7.5,1.19
V329,2048,1,3.0,80,7.5,0.97
V330,3125,0,0.0,80,7.5,0.86
V331,3527,1,3.0,80,7.5,1.33
V332,2304,0,0.0,80,7.5,0.96
V333,3034,0,0.0,80,7.5,1.46
V334,3104,0,0.0,80,7.5,1.25
V335,4311,0,0.0,80,7.5,1.18
V336,4089,0,0.0,80,7.5,1.09
V337,4656,0,0.0,80,7.5,1.4
V338,4239,0,0.0,80,7.5,1.37
V339,2802,1,3.0,80,7.5,1.43
V340,1072,1,3.0,80,7.5,1.32
V341,1252,0,0.0,80,7.5,1.31
V342,3387,1,3.0,80,7.5,0.83
V343,4026,0,0.0,80,7.5,1.1
V344,2960,0,0.0,80,7.5,1.47
V345,3622,0,0.0,80,7.5,1.49
V346,1080,0,0.0,80,7.5,1.07
V347,1213,0,0.0,80,7.5,0.74
V348,4114,0,0.0,80,7.5,1.09
V349,4697,1,3.0,80,7.5,0.9
V350,3142,1,3.0,80,7.5,0.89
V351,2168,1,3.0,80,7.5,1.33
V352,3123,0,0.0,80,7.5,1.21
V353,1896,0,0.0,80,7.5,1.24
V354,3457,0,0.0,80,7.5,0.91
V355,2788,0,0.0,80,7.5,1.47
V356,3781,0,0.0,80,7.5,1.04
V357,2248,0,0.0,80,7.5,1.48
V358,4070,0,0.0,80,7.5,1.49
V359,4318,1,3.0,80,7.5,0.75
V360,1472,0,0.0,80,7.5,0.61
V361,2669,1,3.0,80,7.5,0.68
V362,3804,1,3.0,80,7.5,1.27
V363,1508,1,3.0,80,7.5,1.06
V364,4949,0,0.0,80,7.5,1.47
V365,4354,0,0.0,80,7.5,0.89
V366,2139,1,3.0,80,7.5,1.26
V367,4465,1,3.0,80,7.5,1.03
V368,3465,0,0.0,80,7.5,1.23
V369,3545,1,3.0,80,7.5,1.32
V370,4937,1,3.0,80,7.5,0.62
V371,2569,0,0.0,80,7.5,0.65
V372,947,1,3.0,80,7.5,1.04
V373,4553,0,0.0,80,7.5,1.44
V374,2459,0,0.0,80,7.5,0.91
V375,1955,1,3.0,80,7.5,0.89
V376,1260,1,3.0,80,7.5,1.05
V377,1708,0,0.0,80,7.5,0.91
V378,879,1,3.0,80,7.5,1.46
V379,2385,1,3.0,80,7.5,1.42
V380,4880,0,0.0,80,7.5,1.11
V381,4592,0,0.0,80,7.5,1.25
V382,1102,0,0.0,80,7.5,1.18
V383,913,1,3.0,80,7.5,1.01
V384,3422,0,0.0,80,7.5,1.22
V385,2094,1,3.0,80,7.5,1.11
V386,829,1,3.0,80,7.5,1.23
V387,3975,1,3.0,80,7.5,0.99
V388,4092,0,0.0,80,7.5,1.0
V389,898,0,0.0,80,7.5,1.42
V390,979,1,3.0,80,7.5,1.18
V391,2413,1,3.0,80,7.5,0.81
V392,2431,1,3.0,80,7.5,1.27
V393,3901,1,3.0,80,7.5,0.65
V394,1455,1,3.0,80,7.5,0.63
V395,4780,0,0.0,80,7.5,1.35
V396,1818,0,0.0,80,7.5,0.63
V397,3257,0,0.0,80,7.5,1.44
V398,2912,0,0.0,80,7.5,1.18
V399,3263,1,3.0,80,7.5,0.73
V400,1944,0,0.0,80,7.5,0.88
V401,4883,0,0.0,80,7.5,1.4
V402,1581,1,3.0,80,7.5,1.06
V403,3240,0,0.0,80,7.5,1.28
V404,4796,1,3.0,80,7.5,1.05
V405,850,1,3.0,80,7.5,0.76
V406,3019,0,0.0,80,7.5,0.71
V407,4071,1,3.0,80,7.5,1.46
V408,2353,0,0.0,80,7.5,0.8
V409,3539,0,0.0,80,7.5,1.11
V410,3444,1,3.0,80,7.5,0.71
V411,2803,0,0.0,80,7.5,1.38
V412,2618,1,3.0,80,7.5,1.34
V413,4777,0,0.0,80,7.5,1.12
V414,2517,0,0.0,80,7.5,0.89
V415,2722,0,0.0,80,7.5,0.74
V416,4100,0,0.0,80,7.5,0.98
V417,1166,1,3.0,80,7.5,1.22
V418,2721,0,0.0,80,7.5,0.74
V419,2317,0,0.0,80,7.5,1.33
V420,3255,1,3.0,80,7.5,0.88
V421,2332,1,3.0,80,7.5,1.24
V422,1776,1,3.0,80,7.5,0.83
V423,1275,0,0.0,80,7.5,0.71
V424,3976,1,3.0,80,7.5,1.19
V425,4068,0,0.0,80,7.5,1.32
V426,4889,1,3.0,80,7.5,1.03
V427,2170,0,0.0,80,7.5,1.35
V428,3774,1,3.0,80,7.5,1.08
V429,2020,0,0.0,80,7.5,1.1
V430,3387,0,0.0,80,7.5,0.72
V431,1232,1,3.0,80,7.5,1.0
V432,3727,1,3.0,80,7.5,0.61
V433,1352,1,3.0,80,7.5,0.78
V434,2518,0,0.0,80,7.5,0.95
V435,2006,1,3.0,80,7.5,1.05
V436,3808,1,3.0,80,7.5,0.91
V437,981,0,0.0,80,7.5,1.3
V438,3023,1,3.0,80,7.5,0.94
V439,1304,0,0.0,80,7.5,1.44
V440,2996,0,0.0,80,7.5,0.85
V441,1569,0,0.0,80,7.5,1.12
V442,1897,1,3.0,80,7.5,1.11
V443,1851,1,3.0,80,7.5,1.43
V444,1891,1,3.0,80,7.5,0.64
V445,3359,0,0.0,80,7.5,0.6
V446,1970,0,0.0,80,7.5,0.83
V447,3821,0,0.0,80,7.5,0.99
V448,2592,1,3.0,80,7.5,1.42
V449,3874,1,3.0,80,7.5,1.04
V450,2279,0,0.0,80,7.5,1.15
V451,4800,1,3.0,80,7.5,1.29
V452,2175,0,0.0,80,7.5,1.22
V453,4769,1,3.0,80,7.5,0.85
V454,4728,1,3.0,80,7.5,0.89
V455,3051,1,3.0,80,7.5,0.96
V456,4096,0,0.0,80,7.5,0.69
V457,2727,0,0.0,80,7.5,0.94
V458,4043,1,3.0,80,7.5,1.27
V459,1273,0,0.0,80,7.5,1.48
V460,1964,1,3.0,80,7.5,1.47
V461,3254,0,0.0,80,7.5,0.63
V462,3210,1,3.0,80,7.5,0.9
V463,943,0,0.0,80,7.5,1.18
V464,1867,1,3.0,80,7.5,0.67
V465,2058,0,0.0,80,7.5,1.0
V466,3579,0,0.0,80,7.5,0.89
V467,3819,1,3.0,80,7.5,0.62
V468,1546,0,0.0,80,7.5,0.67
V469,1058,0,0.0,80,7.5,0.89
V470,3613,1,3.0,80,7.5,1.05
V471,3909,0,0.0,80,7.5,1.3
V472,3523,1,3.0,80,7.5,0.68
V473,1731,1,3.0,80,7.5,1.33
V474,946,0,0.0,80,7.5,0.81
V475,1698,1,3.0,80,7.5,0.66
V476,1414,1,3.0,80,7.5,1.1
V477,2482,0,0.0,80,7.5,0.61
V478,1116,0,0.0,80,7.5,0.88
V479,2170,1,3.0,80,7.5,1.05
V480,4126,0,0.0,80,7.5,0.64
V481,4161,0,0.0,80,7.5,0.71
V482,3117,1,3.0,80,7.5,1.16
V483,1426,0,0.0,80,7.5,0.79
V484,1794,1,3.0,80,7.5,0.68
V485,2305,0,0.0,80,7.5,1.39
V486,3863,1,3.0,80,7.5,0.85
V487,1001,0,0.0,80,7.5,1.26
V488,1699,0,0.0,80,7.5,0.84
V489,2037,1,3.0,80,7.5,1.32
V490,1226,1,3.0,80,7.5,0.79
V491,4560,1,3.0,80,7.5,1.31
V492,4398,0,0.0,80,7.5,1.05
V493,3096,1,3.0,80,7.5,0.76
V494,4941,0,0.0,80,7.5,1.14
V495,2993,1,3.0,80,7.5,1.29
V496,2169,0,0.0,80,7.5,0.9
V497,2366,0,0.0,80,7.5,1.37
V498,4679,1,3.0,80,7.5,0.67
V499,4774,0,0.0,80,7.5,1.27
V500,1228,1,3.0,80,7.5,1.48
V501,1006,0,0.0,80,7.5,1.27
V502,3373,0,0.0,80,7.5,0.66
V503,2208,0,0.0,80,7.5,0.76
V504,4578,0,0.0,80,7.5,1.34
V505,3804,0,0.0,80,7.5,1.13
V506,1218,1,3.0,80,7.5,1.3
V507,1728,0,0.0,80,7.5,1.37
V508,1176,0,0.0,80,7.5,1.48
V509,2176,1,3.0,80,7.5,1.2
V510,1546,1,3.0,80,7.5,0.98
V511,2643,0,0.0,80,7.5,1.0
V512,2017,1,3.0,80,7.5,0.95
V513,1730,0,0.0,80,7.5,1.35
V514,2776,1,3.0,80,7.5,0.72
V515,2591,0,0.0,80,7.5,1.25
V516,4324,1,3.0,80,7.5,0.62
V517,2598,0,0.0,80,7.5,1.34
V518,1275,1,3.0,80,7.5,1.26
V519,3669,1,3.0,80,7.5,1.42
V520,1864,0,0.0,80,7.5,0.66
V521,2502,1,3.0,80,7.5,0.69
V522,4474,0,0.0,80,7.5,0.79
V523,2586,0,0.0,80,7.5,1.07
V524,4704,1,3.0,80,7.5,0.65
V525,3426,0,0.0,80,7.5,0.95
V526,3345,1,3.0,80,7.5,1.04
V527,1634,1,3.0,80,7.5,0.75
V528,2430,0,0.0,80,7.5,0.73
V529,2398,0,0.0,80,7.5,1.32
V530,2619,0,0.0,80,7.5,1.47
V531,1687,1,3.0,80,7.5,1.3
V532,3695,0,0.0,80,7.5,1.22
V533,2069,0,0.0,80,7.5,1.27
V534,2969,1,3.0,80,7.5,1.09
V535,1357,1,3.0,80,7.5,1.08
V536,4148,0,0.0,80,7.5,0.63
V537,3815,1,3.0,80,7.5,1.41
V538,2550,1,3.0,80,7.5,1.38
V539,1993,1,3.0,80,7.5,0.8
V540,1612,0,0.0,80,7.5,1.13
V541,3355,1,3.0,80,7.5,1.37
V542,2092,1,3.0,80,7.5,1.0
V543,921,0,0.0,80,7.5,1.06
V544,2554,0,0.0,80,7.5,0.99
V545,897,1,3.0,80,7.5,0.96
V546,1175,0,0.0,80,7.5,1.0
V547,2419,1,3.0,80,7.5,0.76
V548,1051,0,0.0,80,7.5,0.76
V549,2590,1,3.0,80,7.5,1.18
V550,4497,1,3.0,80,7.5,1.4
V551,2036,1,3.0,80,7.5,1.25
V552,3563,0,0.0,80,7.5,0.92
V553,3049,1,3.0,80,7.5,0.68
V554,1680,1,3.0,80,7.5,1.04
V555,3259,0,0.0,80,7.5,0.66
V556,4201,0,0.0,80,7.5,1.18
V557,1853,0,0.0,80,7.5,1.34
V558,4433,1,3.0,80,7.5,0.99
V559,3274,0,0.0,80,7.5,0.86
V560,4208,1,3.0,80,7.5,0.87
V561,4426,1,3.0,80,7.5,1.29
V562,1583,0,0.0,80,7.5,0.62
V563,3127,0,0.0,80,7.5,1.16
V564,2321,1,3.0,80,7.5,0.63
V565,4047,0,0.0,80,7.5,1.44
V566,4283,1,3.0,80,7.5,0.68
V567,2069,1,3.0,80,7.5,0.61
V568,3705,0,0.0,80,7.5,1.47
V569,4657,0,0.0,80,7.5,0.76
V570,3217,0,0.0,80,7.5,0.73
V571,4969,0,0.0,80,7.5,0.7
V572,3680,0,0.0,80,7.5,0.72
V573,2843,1,3.0,80,7.5,0.93
V574,2067,1,3.0,80,7.5,1.12
V575,3693,0,0.0,80,7.5,1.1
V576,3680,0,0.0,80,7.5,1.45
V577,2139,0,0.0,80,7.5,0.9
V578,3567,0,0.0,80,7.5,1.07
V579,2827,0,0.0,80,7.5,0.74
V580,1131,0,0.0,80,7.5,1.41
V581,2629,0,0.0,80,7.5,1.11
V582,1661,0,0.0,80,7.5,0.89
V583,3262,0,0.0,80,7.5,0.88
V584,907,0,0.0,80,7.5,1.35
V585,2616,0,0.0,80,7.5,0.64
V586,3208,1,3.0,80,7.5,1.32
V587,4271,0,0.0,80,7.5,1.38
V588,4567,1,3.0,80,7.5,0.98
V589,4511,0,0.0,80,7.5,0.81
V590,1946,0,0.0,80,7.5,1.03
V591,3512,1,3.0,80,7.5,1.05
V592,1607,1,3.0,80,7.5,0.68
V593,1024,1,3.0,80,7.5,0.74
V594,1485,1,3.0,80,7.5,0.85
V595,1542,0,0.0,80,7.5,1.41
V596,1505,1,3.0,80,7.5,1.28
V597,4105,1,3.0,80,7.5,0.62
V598,2841,1,3.0,80,7.5,0.64
V599,4807,0,0.0,80,7.5,1.03
V600,1746,1,3.0,80,7.5,1.47
V601,2370,1,3.0,80,7.5,1.36
V602,4859,1,3.0,80,7.5,1.17
V603,2646,0,0.0,80,7.5,1.07
V604,993,1,3.0,80,7.5,1.06
V605,1918,1,3.0,80,7.5,1.1
V606,4005,1,3.0,80,7.5,1.07
V607,1662,0,0.0,80,7.5,1.01
V608,4168,0,0.0,80,7.5,0.79
V609,3170,1,3.0,80,7.5,0.87
V610,3069,0,0.0,80,7.5,1.5
V611,4104,0,0.0,80,7.5,1.01
V612,3978,0,0.0,80,7.5,1.02
V613,1580,1,3.0,80,7.5,1.39
V614,2761,0,0.0,80,7.5,1.41
V615,3211,1,3.0,80,7.5,1.07
V616,3961,1,3.0,80,7.5,1.27
V617,4190,1,3.0,80,7.5,0.71
V618,2563,0,0.0,80,7.5,0.71
V619,3833,0,0.0,80,7.5,1.26
V620,2433,1,3.0,80,7.5,0.84
V621,4660,1,3.0,80,7.5,1.36
V622,4410,0,0.0,80,7.5,0.64
V623,2682,1,3.0,80,7.5,0.93
V624,1915,1,3.0,80,7.5,0.74
V625,3865,0,0.0,80,7.5,0.63
V626,3298,0,0.0,80,7.5,1.48
V627,2838,1,3.0,80,7.5,1.4
V628,4877,1,3.0,80,7.5,1.06
V629,2053,0,0.0,80,7.5,1.24
V630,983,1,3.0,80,7.5,1.44
V631,3335,1,3.0,80,7.5,0.94
V632,2604,0,0.0,80,7.5,0.83
V633,4288,1,3.0,80,7.5,0.72
V634,1949,0,0.0,80,7.5,0.71
V635,3871,1,3.0,80,7.5,1.38
V636,4016,0,0.0,80,7.5,1.27
V637,3421,0,0.0,80,7.5,1.04
V638,3605,1,3.0,80,7.5,1.28
V639,4715,0,0.0,80,7.5,1.03
V640,3334,1,3.0,80,7.5,1.23
V641,1173,1,3.0,80,7.5,0.69
V642,2166,0,0.0,80,7.5,0.92
V643,2515,0,0.0,80,7.5,1.42
V644,1562,0,0.0,80,7.5,1.0
V645,1774,1,3.0,80,7.5,0.9
V646,4501,1,3.0,80,7.5,0.8
V647,4476,0,0.0,80,7.5,0.86
V648,4129,0,0.0,80,7.5,1.27
V649,3498,1,3.0,80,7.5,1.27
V650,4664,0,0.0,80,7.5,1.04
V651,819,1,3.0,80,7.5,0.85
V652,3304,0,0.0,80,7.5,0.96
V653,2746,0,0.0,80,7.5,1.16
V654,4916,1,3.0,80,7.5,0.92
V655,2537,0,0.0,80,7.5,1.1
V656,4573,0,0.0,80,7.5,1.3
V657,3660,1,3.0,80,7.5,1.42
V658,1887,1,3.0,80,7.5,0.93
V659,3066,1,3.0,80,7.5,0.9
V660,3938,1,3.0,80,7.5,1.36
V661,2046,0,0.0,80,7.5,0.67
V662,2455,0,0.0,80,7.5,1.0
V663,3592,1,3.0,80,7.5,1.16
V664,3040,0,0.0,80,7.5,1.49
V665,2831,0,0.0,80,7.5,0.62
V666,2570,0,0.0,80,7.5,1.5
V667,3751,1,3.0,80,7.5,1.4
V668,4217,0,0.0,80,7.5,1.47
V669,1601,1,3.0,80,7.5,0.72
V670,2108,1,3.0,80,7.5,0.72
V671,4539,0,0.0,80,7.5,1.24
V672,1999,1,3.0,80,7.5,0.82
V673,2659,1,3.0,80,7.5,0.94
V674,4990,1,3.0,80,7.5,0.76
V675,1079,1,3.0,80,7.5,0.96
V676,1323,1,3.0,80,7.5,1.02
V677,2065,0,0.0,80,7.5,1.38
V678,2164,0,0.0,80,7.5,1.38
V679,3099,1,3.0,80,7.5,0.85
V680,1088,1,3.0,80,7.5,1.04
V681,3731,0,0.0,80,7.5,0.84
V682,961,1,3.0,80,7.5,0.99
V683,1323,0,0.0,80,7.5,0.73
V684,1372,1,3.0,80,7.5,1.04
V685,2316,0,0.0,80,7.5,1.45
V686,4680,1,3.0,80,7.5,1.33
V687,2022,0,0.0,80,7.5,0.8
V688,4669,1,3.0,80,7.5,0.86
V689,1286,1,3.0,80,7.5,1.48
V690,4564,1,3.0,80,7.5,0.87
V691,1731,0,0.0,80,7.5,1.07
V692,4292,1,3.0,80,7.5,0.88
V693,4981,1,3.0,80,7.5,1.02
V694,1855,1,3.0,80,7.5,0.89
V695,4064,0,0.0,80,7.5,0.98
V696,2783,1,3.0,80,7.5,0.93
V697,4980,0,0.0,80,7.5,0.74
V698,1255,1,3.0,80,7.5,1.49
V699,1379,1,3.0,80,7.5,0.84
V700,1512,1,3.0,80,7.5,1.04
V701,2542,1,3.0,80,7.5,1.46
V702,4086,0,0.0,80,7.5,0.63
V703,858,0,0.0,80,7.5,1.37
V704,2650,1,3.0,80,7.5,0.81
V705,2022,0,0.0,80,7.5,0.9
V706,3940,0,0.0,80,7.5,0.79
V707,4152,0,0.0,80,7.5,1.07
V708,4183,0,0.0,80,7.5,0.91
V709,2612,0,0.0,80,7.5,1.09
V710,2504,0,0.0,80,7.5,0.74
V711,3270,0,0.0,80,7.5,1.16
V712,2455,0,0.0,80,7.5,0.89
V713,3584,1,3.0,80,7.5,1.44
V714,947,0,0.0,80,7.5,1.18
V715,4728,1,3.0,80,7.5,0.8
V716,4222,1,3.0,80,7.5,1.33
V717,3785,0,0.0,80,7.5,1.34
V718,1872,1,3.0,80,7.5,1.29
V719,3814,1,3.0,80,7.5,1.22
V720,1363,1,3.0,80,7.5,0.87
V721,3386,1,3.0,80,7.5,1.1
V722,1661,0,0.0,80,7.5,0.99
V723,4099,1,3.0,80,7.5,1.26
V724,1344,0,0.0,80,7.5,1.11
V725,2471,1,3.0,80,7.5,0.89
V726,2500,0,0.0,80,7.5,0.67
V727,4957,0,0.0,80,7.5,1.4
V728,2037,1,3.0,80,7.5,1.17
V729,4285,1,3.0,80,7.5,1.18
V730,4877,0,0.0,80,7.5,1.29
V731,943,0,0.0,80,7.5,1.33
V732,1635,0,0.0,80,7.5,0.79
V733,4805,0,0.0,80,7.5,1.11
V734,1674,0,0.0,80,7.5,0.82
V735,1104,1,3.0,80,7.5,0.96
V736,2952,1,3.0,80,7.5,1.09
V737,2166,0,0.0,80,7.5,0.92
V738,3076,1,3.0,80,7.5,0.7
V739,4870,1,3.0,80,7.5,0.87
V740,4727,0,0.0,80,7.5,0.73
V741,2639,1,3.0,80,7.5,0.84
V742,4767,0,0.0,80,7.5,1.19
V743,3996,1,3.0,80,7.5,1.21
V744,2120,0,0.0,80,7.5,1.08
V745,1234,0,0.0,80,7.5,1.33
V746,960,1,3.0,80,7.5,1.13
V747,4761,0,0.0,80,7.5,1.22
V748,4471,1,3.0,80,7.5,0.71
V749,3999,0,0.0,80,7.5,1.01
V750,2299,0,0.0,80,7.5,1.39
V751,2970,0,0.0,80,7.5,1.16
V752,4846,1,3.0,80,7.5,1.26
V753,2768,0,0.0,80,7.5,0.88
V754,3773,0,0.0,80,7.5,0.96
V755,4298,0,0.0,80,7.5,1.29
V756,3956,1,3.0,80,7.5,1.14
V757,4600,0,0.0,80,7.5,0.8
V758,3081,1,3.0,80,7.5,1.29
V759,1730,1,3.0,80,7.5,1.38
V760,4489,0,0.0,80,7.5,0.69
V761,4615,0,0.0,80,7.5,0.71
V762,3187,1,3.0,80,7.5,0.89
V763,2725,0,0.0,80,7.5,0.76
V764,2564,0,0.0,80,7.5,1.42
V765,2568,0,0.0,80,7.5,1.45
V766,2937,0,0.0,80,7.5,0.64
V767,4344,0,0.0,80,7.5,1.34
V768,2461,0,0.0,80,7.5,0.75
V769,4176,0,0.0,80,7.5,0.65
V770,4307,0,0.0,80,7.5,0.99
V771,3229,0,0.0,80,7.5,1.02
V772,1327,0,0.0,80,7.5,1.34
V773,2715,0,0.0,80,7.5,1.11
V774,4556,0,0.0,80,7.5,0.87
V775,2740,0,0.0,80,7.5,1.4
V776,4550,1,3.0,80,7.5,1.34
V777,2395,0,0.0,80,7.5,0.86
V778,2756,0,0.0,80,7.5,1.22
V779,2080,1,3.0,80,7.5,1.16
V780,2598,1,3.0,80,7.5,1.5
V781,3569,0,0.0,80,7.5,1.18
V782,1820,1,3.0,80,7.5,0.91
V783,4983,1,3.0,80,7.5,0.67
V784,3565,0,0.0,80,7.5,0.75
V785,4460,0,0.0,80,7.5,1.43
V786,2700,1,3.0,80,7.5,1.15
V787,4566,1,3.0,80,7.5,0.64
V788,2074,0,0.0,80,7.5,1.49
V789,1502,1,3.0,80,7.5,0.81
V790,2802,0,0.0,80,7.5,1.35
V791,4079,0,0.0,80,7.5,0.62
V792,4729,0,0.0,80,7.5,1.08
V793,4490,1,3.0,80,7.5,1.12
V794,2338,0,0.0,80,7.5,0.8
V795,3298,0,0.0,80,7.5,1.24
V796,1105,0,0.0,80,7.5,1.39
V797,4725,1,3.0,80,7.5,0.78
V798,3116,1,3.0,80,7.5,1.47
V799,2512,1,3.0,80,7.5,0.75
V800,3863,0,0.0,80,7.5,0.71
V801,3599,1,3.0,80,7.5,0.97
V802,2615,1,3.0,80,7.5,1.44
V803,3026,0,0.0,80,7.5,1.14
V804,1680,0,0.0,80,7.5,0.75
V805,3792,1,3.0,80,7.5,1.03
V806,1745,0,0.0,80,7.5,1.42
V807,1674,1,3.0,80,7.5,0.69
V808,4971,1,3.0,80,7.5,0.87
V809,3299,1,3.0,80,7.5,1.27
V810,2516,0,0.0,80,7.5,1.04
V811,3066,1,3.0,80,7.5,1.28
V812,1824,0,0.0,80,7.5,1.35
V813,3678,1,3.0,80,7.5,1.34
V814,4685,0,0.0,80,7.5,1.12
V815,4414,0,0.0,80,7.5,1.47
V816,2766,0,0.0,80,7.5,1.32
V817,4314,1,3.0,80,7.5,1.5
V818,4809,1,3.0,80,7.5,0.99
V819,1351,1,3.0,80,7.5,0.74
V820,2759,1,3.0,80,7.5,0.88
V821,3830,0,0.0,80,7.5,1.08
V822,1760,0,0.0,80,7.5,1.01
V823,2094,1,3.0,80,7.5,0.71
V824,3454,0,0.0,80,7.5,1.39
V825,1805,0,0.0,80,7.5,1.48
V826,990,0,0.0,80,7.5,1.13
V827,3996,1,3.0,80,7.5,0.6
V828,1696,1,3.0,80,7.5,0.65
V829,1127,1,3.0,80,7.5,0.99
V830,4094,0,0.0,80,7.5,0.81
V831,3723,1,3.0,80,7.5,1.0
V832,1903,1,3.0,80,7.5,1.2
V833,1421,0,0.0,80,7.5,0.8
V834,2362,0,0.0,80,7.5,1.25
V835,972,1,3.0,80,7.5,0.91
V836,2789,1,3.0,80,7.5,0.78
V837,887,1,3.0,80,7.5,1.3
V838,1607,1,3.0,80,7.5,1.09
V839,3728,0,0.0,80,7.5,0.7
V840,1797,0,0.0,80,7.5,1.5
V841,2336,0,0.0,80,7.5,0.79
V842,4447,0,0.0,80,7.5,1.14
V843,3313,1,3.0,80,7.5,0.85
V844,2839,0,0.0,80,7.5,1.28
V845,1655,1,3.0,80,7.5,0.96
V846,4273,1,3.0,80,7.5,0.75
V847,4884,1,3.0,80,7.5,1.3
V848,1585,1,3.0,80,7.5,1.46
V849,2905,1,3.0,80,7.5,0.82
V850,2147,1,3.0,80,7.5,1.3
V851,4247,1,3.0,80,7.5,1.34
V852,3763,0,0.0,80,7.5,0.75
V853,4172,1,3.0,80,7.5,1.28
V854,1351,1,3.0,80,7.5,0.76
V855,852,0,0.0,80,7.5,1.46
V856,2831,0,0.0,80,7.5,1.45
V857,1885,0,0.0,80,7.5,1.1
V858,4119,1,3.0,80,7.5,1.32
V859,1017,1,3.0,80,7.5,1.41
V860,2639,1,3.0,80,7.5,1.31
V861,815,0,0.0,80,7.5,0.86
V862,4586,1,3.0,80,7.5,1.01
V863,3554,1,3.0,80,7.5,1.26
V864,1513,0,0.0,80,7.5,0.89
V865,2969,0,0.0,80,7.5,1.02
V866,1171,0,0.0,80,7.5,1.02
V867,3730,1,3.0,80,7.5,0.61
V868,1108,1,3.0,80,7.5,1.29
V869,2245,1,3.0,80,7.5,1.14
V870,1876,0,0.0,80,7.5,1.1
V871,1480,0,0.0,80,7.5,1.47
V872,2799,0,0.0,80,7.5,0.76
V873,4937,0,0.0,80,7.5,0.67
V874,4514,0,0.0,80,7.5,1.08
V875,4403,0,0.0,80,7.5,0.62
V876,800,0,0.0,80,7.5,1.36
V877,1662,1,3.0,80,7.5,1.3
V878,3841,0,0.0,80,7.5,0.9
V879,2540,1,3.0,80,7.5,1.4
V880,1765,1,3.0,80,7.5,0.73
V881,3468,0,0.0,80,7.5,1.03
V882,4489,0,0.0,80,7.5,0.65
V883,4808,0,0.0,80,7.5,0.65
V884,2196,1,3.0,80,7.5,1.46
V885,1146,1,3.0,80,7.5,0.87
V886,2023,0,0.0,80,7.5,1.23
V887,2170,0,0.0,80,7.5,1.22
V888,1274,1,3.0,80,7.5,1.42
V889,2304,0,0.0,80,7.5,1.08
V890,1067,1,3.0,80,7.5,0.7
V891,4771,1,3.0,80,7.5,1.34
V892,3244,1,3.0,80,7.5,0.62
V893,4339,1,3.0,80,7.5,1.12
V894,921,1,3.0,80,7.5,1.29
V895,4738,0,0.0,80,7.5,1.41
V896,955,0,0.0,80,7.5,1.33
V897,1074,1,3.0,80,7.5,1.38
V898,3002,1,3.0,80,7.5,1.19
V899,1353,0,0.0,80,7.5,0.88
V900,1703,0,0.0,80,7.5,1.12
V901,3931,0,0.0,80,7.5,0.91
V902,4113,0,0.0,80,7.5,1.47
V903,1398,1,3.0,80,7.5,1.16
V904,2288,1,3.0,80,7.5,1.31
V905,4182,1,3.0,80,7.5,1.15
V906,1340,1,3.0,80,7.5,1.47
V907,4279,1,3.0,80,7.5,1.15
V908,3859,0,0.0,80,7.5,0.67
V909,3579,0,0.0,80,7.5,0.61
V910,4161,1,3.0,80,7.5,1.18
V911,1331,0,0.0,80,7.5,1.26
V912,2286,0,0.0,80,7.5,0.84
V913,2897,1,3.0,80,7.5,0.66
V914,1985,1,3.0,80,7.5,1.49
V915,2430,0,0.0,80,7.5,1.07
V916,1928,1,3.0,80,7.5,1.14
V917,2358,0,0.0,80,7.5,0.83
V918,4389,0,0.0,80,7.5,1.39
V919,1394,1,3.0,80,7.5,1.28
V920,4931,0,0.0,80,7.5,0.71
V921,3433,1,3.0,80,7.5,0.74
V922,1946,0,0.0,80,7.5,1.34
V923,4915,0,0.0,80,7.5,1.16
V924,4715,0,0.0,80,7.5,0.96
V925,3959,1,3.0,80,7.5,0.77
V926,1860,1,3.0,80,7.5,0.98
V927,2562,0,0.0,80,7.5,1.4
V928,1183,1,3.0,80,7.5,1.07
V929,2919,0,0.0,80,7.5,1.33
V930,3298,0,0.0,80,7.5,1.02
V931,1964,1,3.0,80,7.5,1.04
V932,1041,0,0.0,80,7.5,1.05
V933,4206,0,0.0,80,7.5,1.0
V934,2599,0,0.0,80,7.5,0.82
V935,3820,1,3.0,80,7.5,1.11
V936,4983,1,3.0,80,7.5,1.37
V937,3822,0,0.0,80,7.5,0.63
V938,1491,1,3.0,80,7.5,1.4
V939,1317,0,0.0,80,7.5,1.42
V940,1071,1,3.0,80,7.5,1.1
V941,3429,0,0.0,80,7.5,0.9
V942,3462,0,0.0,80,7.5,1.42
V943,2378,0,0.0,80,7.5,1.08
V944,2466,1,3.0,80,7.5,0.64
V945,4561,0,0.0,80,7.5,0.78
V946,1123,1,3.0,80,7.5,1.1
V947,3585,0,0.0,80,7.5,0.93
V948,3454,0,0.0,80,7.5,1.19
V949,2102,1,3.0,80,7.5,0.64
V950,3135,1,3.0,80,7.5,0.83
V951,1328,1,3.0,80,7.5,1.35
V952,4164,0,0.0,80,7.5,0.67
V953,2579,1,3.0,80,7.5,1.3
V954,1874,1,3.0,80,7.5,1.48
V955,4589,0,0.0,80,7.5,1.12
V956,1611,1,3.0,80,7.5,0.98
V957,3885,0,0.0,80,7.5,1.37
V958,2563,1,3.0,80,7.5,1.5
V959,3401,1,3.0,80,7.5,1.47
V960,2233,1,3.0,80,7.5,1.47
V961,3728,0,0.0,80,7.5,1.11
V962,1609,1,3.0,80,7.5,0.6
V963,3505,0,0.0,80,7.5,1.39
V964,3934,0,0.0,80,7.5,0.8
V965,2946,0,0.0,80,7.5,1.42
V966,2068,0,0.0,80,7.5,0.85
V967,3455,1,3.0,80,7.5,1.19
V968,4890,1,3.0,80,7.5,1.3
V969,1716,1,3.0,80,7.5,1.33
V970,2220,0,0.0,80,7.5,1.08
V971,1699,1,3.0,80,7.5,1.4
V972,1763,1,3.0,80,7.5,1.06
V973,4917,0,0.0,80,7.5,0.67
V974,4027,0,0.0,80,7.5,1.08
V975,3590,0,0.0,80,7.5,0.62
V976,1525,0,0.0,80,7.5,0.81
V977,1058,1,3.0,80,7.5,0.7
V978,1588,1,3.0,80,7.5,0.66
V979,3856,0,0.0,80,7.5,0.98
V980,4591,1,3.0,80,7.5,0.81
V981,4604,0,0.0,80,7.5,0.79
V982,2391,1,3.0,80,7.5,0.74
V983,4556,1,3.0,80,7.5,1.18
V984,2742,0,0.0,80,7.5,1.25
V985,4703,0,0.0,80,7.5,1.08
V986,3707,0,0.0,80,7.5,0.82
V987,4836,0,0.0,80,7.5,0.99
V988,3772,1,3.0,80,7.5,1.18
V989,2691,0,0.0,80,7.5,1.13
V990,2277,0,0.0,80,7.5,0.93
V991,4367,1,3.0,80,7.5,1.44
V992,2243,1,3.0,80,7.5,0.73
V993,4182,0,0.0,80,7.5,1.23
V994,4170,0,0.0,80,7.5,1.13
V995,1023,1,3.0,80,7.5,1.45
V996,3163,1,3.0,80,7.5,1.42
V997,2690,0,0.0,80,7.5,1.13
V998,1779,0,0.0,80,7.5,0.67
V999,3991,1,3.0,80,7.5,0.76
V1000,3200,1,3.0,80,7.5,0.88
V1001,3242,0,0.0,80,7.5,1.37
V1002,1136,0,0.0,80,7.5,1.49
V1003,4412,0,0.0,80,7.5,1.35
V1004,4006,1,3.0,80,7.5,0.89
V1005,4219,0,0.0,80,7.5,0.79
V1006,3743,1,3.0,80,7.5,0.96
V1007,1038,0,0.0,80,7.5,1.47
V1008,2066,1,3.0,80,7.5,1.09
V1009,1160,0,0.0,80,7.5,1.42
V1010,3656,1,3.0,80,7.5,0.64
V1011,3569,1,3.0,80,7.5,1.37
V1012,3328,0,0.0,80,7.5,1.28
V1013,1532,0,0.0,80,7.5,1.08
V1014,1879,1,3.0,80,7.5,1.45
V1015,1938,0,0.0,80,7.5,1.08
V1016,3104,0,0.0,80,7.5,1.29
V1017,4918,1,3.0,80,7.5,0.87
V1018,3610,1,3.0,80,7.5,1.11
V1019,2983,1,3.0,80,7.5,0.73
V1020,3933,0,0.0,80,7.5,1.2
V1021,2895,0,0.0,80,7.5,1.48
V1022,1494,0,0.0,80,7.5,1.47
V1023,1674,0,0.0,80,7.5,1.2
V1024,1133,1,3.0,80,7.5,1.16
V1025,2902,0,0.0,80,7.5,1.34
V1026,2315,0,0.0,80,7.5,0.76
V1027,3935,1,3.0,80,7.5,1.0
V1028,4439,0,0.0,80,7.5,1.48
V1029,3538,0,0.0,80,7.5,0.67
V1030,3478,0,0.0,80,7.5,1.2
V1031,3568,0,0.0,80,7.5,1.14
V1032,3689,0,0.0,80,7.5,1.32
V1033,2318,1,3.0,80,7.5,0.85
V1034,2370,0,0.0,80,7.5,1.42
V1035,1739,0,0.0,80,7.5,1.03
V1036,1944,1,3.0,80,7.5,1.24
V1037,4855,1,3.0,80,7.5,1.19
V1038,4850,1,3.0,80,7.5,1.41
V1039,1325,1,3.0,80,7.5,1.37
V1040,1529,1,3.0,80,7.5,0.67
V1041,3531,0,0.0,80,7.5,0.61
V1042,3250,0,0.0,80,7.5,0.69
V1043,918,0,0.0,80,7.5,1.29
V1044,1279,1,3.0,80,7.5,0.82
V1045,2980,1,3.0,80,7.5,0.9
V1046,3846,0,0.0,80,7.5,1.21
V1047,3713,0,0.0,80,7.5,0.72
V1048,3679,1,3.0,80,7.5,0.68
V1049,3908,0,0.0,80,7.5,1.12
V1050,1075,1,3.0,80,7.5,0.72
V1051,4800,0,0.0,80,7.5,0.86
V1052,801,1,3.0,80,7.5,1.45
V1053,971,1,3.0,80,7.5,0.82
V1054,4982,0,0.0,80,7.5,1.17
V1055,1144,1,3.0,80,7.5,0.83
V1056,2753,1,3.0,80,7.5,1.29
V1057,1380,1,3.0,80,7.5,0.8
V1058,3654,0,0.0,80,7.5,1.5
V1059,3535,1,3.0,80,7.5,0.72
V1060,1011,1,3.0,80,7.5,0.72
V1061,1605,0,0.0,80,7.5,0.81
V1062,4569,0,0.0,80,7.5,1.03
V1063,3917,1,3.0,80,7.5,1.21
V1064,2664,0,0.0,80,7.5,0.64
V1065,4924,0,0.0,80,7.5,0.62
V1066,1634,1,3.0,80,7.5,0.62
V1067,3607,0,0.0,80,7.5,1.03
V1068,4721,1,3.0,80,7.5,0.94
V1069,4540,1,3.0,80,7.5,1.12
V1070,3965,0,0.0,80,7.5,0.96
V1071,4789,0,0.0,80,7.5,0.99
V1072,2901,0,0.0,80,7.5,1.16
V1073,4270,0,0.0,80,7.5,1.4
V1074,1252,0,0.0,80,7.5,1.08
V1075,3069,1,3.0,80,7.5,1.09
V1076,4713,1,3.0,80,7.5,0.63
V1077,922,1,3.0,80,7.5,0.96
V1078,4778,0,0.0,80,7.5,1.29
V1079,1016,1,3.0,80,7.5,1.04
V1080,2362,0,0.0,80,7.5,0.73
V1081,2856,0,0.0,80,7.5,1.01
V1082,4066,0,0.0,80,7.5,1.17
V1083,2275,1,3.0,80,7.5,0.79
V1084,4524,1,3.0,80,7.5,1.27
V1085,2983,0,0.0,80,7.5,1.03
V1086,3516,0,0.0,80,7.5,1.2
V1087,1470,1,3.0,80,7.5,1.16
V1088,4370,1,3.0,80,7.5,1.1
V1089,3039,1,3.0,80,7.5,0.96
V1090,4718,1,3.0,80,7.5,1.2
V1091,3408,0,0.0,80,7.5,1.13
V1092,1902,0,0.0,80,7.5,0.64
V1093,2647,1,3.0,80,7.5,0.77
V1094,4700,1,3.0,80,7.5,1.36
V1095,4573,1,3.0,80,7.5,0.64
V1096,4872,1,3.0,80,7.5,0.68
V1097,4295,0,0.0,80,7.5,1.08
V1098,2328,1,3.0,80,7.5,1.11
V1099,4369,1,3.0,80,7.5,1.0
V1100,1606,0,0.0,80,7.5,0.73
V1101,4542,0,0.0,80,7.5,1.37
V1102,2947,0,0.0,80,7.5,0.96
V1103,2714,1,3.0,80,7.5,1.25
V1104,1861,1,3.0,80,7.5,1.13
V1105,3875,1,3.0,80,7.5,1.47
V1106,2729,1,3.0,80,7.5,1.14
V1107,2630,0,0.0,80,7.5,1.25
V1108,1321,1,3.0,80,7.5,0.88
V1109,4402,0,0.0,80,7.5,1.05
V1110,4271,1,3.0,80,7.5,0.74
V1111,1906,1,3.0,80,7.5,1.41
V1112,2407,0,0.0,80,7.5,1.38
V1113,4526,0,0.0,80,7.5,1.4
V1114,3371,1,3.0,80,7.5,0.77
V1115,1382,0,0.0,80,7.5,0.71
V1116,4574,1,3.0,80,7.5,0.79
V1117,913,0,0.0,80,7.5,1.13
V1118,1010,0,0.0,80,7.5,1.16
V1119,1001,1,3.0,80,7.5,0.99
V1120,2678,0,0.0,80,7.5,0.87
V1121,4485,1,3.0,80,7.5,0.86
V1122,4802,0,0.0,80,7.5,1.39
V1123,3497,0,0.0,80,7.5,0.89
V1124,1065,1,3.0,80,7.5,1.37
V1125,4047,1,3.0,80,7.5,1.49
V1126,3477,0,0.0,80,7.5,0.7
V1127,2789,0,0.0,80,7.5,1.18
V1128,4194,0,0.0,80,7.5,0.65
V1129,4214,0,0.0,80,7.5,0.61
V1130,3841,1,3.0,80,7.5,1.24
V1131,3538,1,3.0,80,7.5,0.72
V1132,2626,1,3.0,80,7.5,1.19
V1133,1919,0,0.0,80,7.5,0.84
V1134,1476,1,3.0,80,7.5,1.16
V1135,2463,0,0.0,80,7.5,0.79
V1136,1430,1,3.0,80,7.5,1.48
V1137,2154,1,3.0,80,7.5,0.61
V1138,2642,1,3.0,80,7.5,1.38
V1139,4907,0,0.0,80,7.5,0.7
V1140,2867,1,3.0,80,7.5,1.04
V1141,2753,1,3.0,80,7.5,0.67
V1142,1373,0,0.0,80,7.5,0.72
V1143,3970,0,0.0,80,7.5,0.64
V1144,3060,0,0.0,80,7.5,1.31
V1145,1743,1,3.0,80,7.5,0.92
V1146,2738,1,3.0,80,7.5,0.69
V1147,2797,0,0.0,80,7.5,0.96
V1148,1789,0,0.0,80,7.5,0.92
V1149,1274,1,3.0,80,7.5,1.3
V1150,4464,0,0.0,80,7.5,1.18
V1151,4939,0,0.0,80,7.5,1.15
V1152,3258,0,0.0,80,7.5,0.98
V1153,2406,1,3.0,80,7.5,1.12
V1154,2327,1,3.0,80,7.5,0.64
V1155,3674,1,3.0,80,7.5,1.2
V1156,1482,1,3.0,80,7.5,1.15
V1157,4607,1,3.0,80,7.5,0.69
V1158,3955,0,0.0,80,7.5,1.41
V1159,2242,0,0.0,80,7.5,1.12
V1160,3414,0,0.0,80,7.5,1.3
V1161,4523,1,3.0,80,7.5,1.4
V1162,3799,0,0.0,80,7.5,1.21
V1163,1702,1,3.0,80,7.5,1.4
V1164,2577,1,3.0,80,7.5,1.4
V1165,3357,1,3.0,80,7.5,1.11
V1166,3600,1,3.0,80,7.5,0.95
V1167,1799,1,3.0,80,7.5,1.05
V1168,2392,0,0.0,80,7.5,1.05
V1169,4526,1,3.0,80,7.5,1.4
V1170,3359,0,0.0,80,7.5,0.67
V1171,2423,1,3.0,80,7.5,1.48
V1172,1033,0,0.0,80,7.5,1.46
V1173,2679,0,0.0,80,7.5,0.99
V1174,4570,1,3.0,80,7.5,0.64
V1175,2206,1,3.0,80,7.5,0.65
V1176,3710,0,0.0,80,7.5,0.96
V1177,3196,0,0.0,80,7.5,1.24
V1178,4397,1,3.0,80,7.5,1.23
V1179,1096,1,3.0,80,7.5,0.75
V1180,4705,0,0.0,80,7.5,0.93
V1181,2848,1,3.0,80,7.5,1.09
V1182,3721,1,3.0,80,7.5,0.74
V1183,1833,1,3.0,80,7.5,0.97
V1184,4438,0,0.0,80,7.5,1.18
V1185,2963,1,3.0,80,7.5,1.43
V1186,3779,1,3.0,80,7.5,1.29
V1187,3453,0,0.0,80,7.5,1.11
V1188,2788,0,0.0,80,7.5,1.44
V1189,4988,0,0.0,80,7.5,1.41
V1190,2203,1,3.0,80,7.5,0.61
V1191,4957,1,3.0,80,7.5,1.1
V1192,3905,1,3.0,80,7.5,0.74
V1193,809,0,0.0,80,7.5,1.45
V1194,3122,0,0.0,80,7.5,0.73
V1195,4889,1,3.0,80,7.5,0.81
V1196,1037,0,0.0,80,7.5,1.25
V1197,1168,0,0.0,80,7.5,0.62
V1198,2506,0,0.0,80,7.5,1.15
V1199,3000,0,0.0,80,7.5,1.15
V1200,1431,0,0.0,80,7.5,0.72
V1201,1403,1,3.0,80,7.5,0.84
V1202,3206,0,0.0,80,7.5,0.74
V1203,4406,1,3.0,80,7.5,0.68
V1204,2945,1,3.0,80,7.5,1.07
V1205,1413,1,3.0,80,7.5,0.89
V1206,4127,1,3.0,80,7.5,0.93
V1207,3226,1,3.0,80,7.5,1.26
V1208,2370,0,0.0,80,7.5,1.2
V1209,1032,0,0.0,80,7.5,0.83
V1210,4344,0,0.0,80,7.5,0.99
V1211,1586,1,3.0,80,7.5,1.33
V1212,2881,1,3.0,80,7.5,1.45
V1213,1523,0,0.0,80,7.5,0.79
V1214,2595,0,0.0,80,7.5,1.18
V1215,1779,0,0.0,80,7.5,0.95
V1216,1811,0,0.0,80,7.5,0.76
V1217,2914,1,3.0,80,7.5,0.61
V1218,1228,1,3.0,80,7.5,0.94
V1219,2656,1,3.0,80,7.5,0.74
V1220,2595,0,0.0,80,7.5,1.19
V1221,3835,1,3.0,80,7.5,0.72
V1222,4685,1,3.0,80,7.5,1.01
V1223,3551,1,3.0,80,7.5,1.17
V1224,2287,1,3.0,80,7.5,0.61
V1225,4183,1,3.0,80,7.5,0.8
V1226,1911,0,0.0,80,7.5,0.62
V1227,4055,0,0.0,80,7.5,1.04
V1228,972,0,0.0,80,7.5,1.06
V1229,2236,1,3.0,80,7.5,0.86
V1230,2589,0,0.0,80,7.5,0.67
V1231,4348,0,0.0,80,7.5,1.31
V1232,2009,0,0.0,80,7.5,0.6
V1233,4593,1,3.0,80,7.5,1.37
V1234,3914,1,3.0,80,7.5,1.13
V1235,3007,0,0.0,80,7.5,1.2
V1236,3663,1,3.0,80,7.5,0.82
V1237,920,1,3.0,80,7.5,0.84
V1238,3355,1,3.0,80,7.5,0.75
V1239,1506,0,0.0,80,7.5,0.86
V1240,2344,0,0.0,80,7.5,0.8
V1241,1472,0,0.0,80,7.5,1.41
V1242,1965,1,3.0,80,7.5,1.26
V1243,1684,0,0.0,80,7.5,1.4
V1244,4880,0,0.0,80,7.5,1.25
V1245,4011,0,0.0,80,7.5,1.44
V1246,1015,0,0.0,80,7.5,0.67
V1247,920,1,3.0,80,7.5,0.79
V1248,2363,1,3.0,80,7.5,1.16
V1249,4539,1,3.0,80,7.5,1.3
V1250,2271,0,0.0,80,7.5,0.86
V1251,3677,1,3.0,80,7.5,0.67
V1252,3569,0,0.0,80,7.5,1.15
V1253,2084,1,3.0,80,7.5,0.76
V1254,4841,1,3.0,80,7.5,1.08
V1255,1886,1,3.0,80,7.5,1.44
V1256,3291,0,0.0,80,7.5,1.41
V1257,1904,0,0.0,80,7.5,0.88
V1258,1020,1,3.0,80,7.5,1.16
V1259,3654,1,3.0,80,7.5,1.23
V1260,4400,0,0.0,80,7.5,1.45
V1261,1474,0,0.0,80,7.5,0.76
V1262,3613,0,0.0,80,7.5,0.69
V1263,4518,0,0.0,80,7.5,0.66
V1264,1659,0,0.0,80,7.5,1.32
V1265,3243,1,3.0,80,7.5,1.21
V1266,3199,1,3.0,80,7.5,1.04
V1267,1118,0,0.0,80,7.5,0.83
V1268,1430,0,0.0,80,7.5,0.73
V1269,4134,0,0.0,80,7.5,0.87
V1270,1107,1,3.0,80,7.5,1.11
V1271,2222,0,0.0,80,7.5,0.94
V1272,2639,0,0.0,80,7.5,0.9
V1273,3062,1,3.0,80,7.5,1.39
V1274,4657,1,3.0,80,7.5,0.98
V1275,4164,1,3.0,80,7.5,1.04
V1276,4518,0,0.0,80,7.5,1.24
V1277,3244,0,0.0,80,7.5,0.82
V1278,2094,0,0.0,80,7.5,1.25
V1279,4007,1,3.0,80,7.5,1.03
V1280,2004,1,3.0,80,7.5,1.29
V1281,2217,1,3.0,80,7.5,0.99
V1282,4157,0,0.0,80,7.5,0.78
V1283,2105,1,3.0,80,7.5,0.66
V1284,3149,1,3.0,80,7.5,1.27
V1285,4985,0,0.0,80,7.5,0.64
V1286,1140,1,3.0,80,7.5,1.31
V1287,4670,1,3.0,80,7.5,1.23
V1288,2393,0,0.0,80,7.5,1.31
V1289,2473,1,3.0,80,7.5,0.73
V1290,3954,1,3.0,80,7.5,1.46
V1291,1765,1,3.0,80,7.5,1.29
V1292,2243,1,3.0,80,7.5,0.83
V1293,1603,0,0.0,80,7.5,1.24
V1294,888,0,0.0,80,7.5,1.34
V1295,3359,1,3.0,80,7.5,1.27
V1296,1032,0,0.0,80,7.5,0.81
V1297,3282,1,3.0,80,7.5,0.92
V1298,3997,1,3.0,80,7.5,1.15
V1299,1151,1,3.0,80,7.5,0.97
V1300,3659,0,0.0,80,7.5,0.69
V1301,3652,1,3.0,80,7.5,0.93
V1302,1769,0,0.0,80,7.5,0.7
V1303,2963,0,0.0,80,7.5,0.83
V1304,1154,1,3.0,80,7.5,1.28
V1305,1396,0,0.0,80,7.5,0.86
V1306,1053,1,3.0,80,7.5,0.88
V1307,1829,0,0.0,80,7.5,0.97
V1308,4383,0,0.0,80,7.5,1.4
V1309,1334,0,0.0,80,7.5,1.09
V1310,3064,0,0.0,80,7.5,1.12
V1311,2578,0,0.0,80,7.5,0.84
V1312,2181,1,3.0,80,7.5,1.49
V1313,1458,1,3.0,80,7.5,0.6
V1314,1240,0,0.0,80,7.5,0.73
V1315,3635,0,0.0,80,7.5,0.71
V1316,2671,1,3.0,80,7.5,1.11
V1317,3215,1,3.0,80,7.5,0.62
V1318,4195,0,0.0,80,7.5,0.78
V1319,3990,1,3.0,80,7.5,1.11
V1320,1824,1,3.0,80,7.5,1.18
V1321,4749,1,3.0,80,7.5,0.79
V1322,1326,0,0.0,80,7.5,1.24
V1323,2909,1,3.0,80,7.5,0.65
V1324,2067,0,0.0,80,7.5,0.94
V1325,3686,1,3.0,80,7.5,0.92
V1326,1319,0,0.0,80,7.5,1.23
V1327,1439,1,3.0,80,7.5,1.2
V1328,4131,0,0.0,80,7.5,0.63
V1329,4000,1,3.0,80,7.5,0.96
V1330,2515,0,0.0,80,7.5,1.11
V1331,2787,0,0.0,80,7.5,0.61
V1332,1460,1,3.0,80,7.5,0.68
V1333,2587,1,3.0,80,7.5,0.61
V1334,805,1,3.0,80,7.5,1.38
V1335,1021,0,0.0,80,7.5,0.6
V1336,2089,1,3.0,80,7.5,0.78
V1337,1386,1,3.0,80,7.5,1.0
V1338,4517,1,3.0,80,7.5,1.19
V1339,1317,0,0.0,80,7.5,0.67
V1340,3492,0,0.0,80,7.5,1.29
V1341,4724,1,3.0,80,7.5,0.91
V1342,4579,1,3.0,80,7.5,1.05
V1343,1394,0,0.0,80,7.5,1.35
V1344,813,1,3.0,80,7.5,1.04
V1345,1715,0,0.0,80,7.5,1.48
V1346,3199,1,3.0,80,7.5,1.17
V1347,2070,1,3.0,80,7.5,1.11
V1348,883,1,3.0,80,7.5,0.69
V1349,4472,0,0.0,80,7.5,0.91
V1350,3152,1,3.0,80,7.5,0.66
V1351,2680,0,0.0,80,7.5,1.06
V1352,4651,0,0.0,80,7.5,1.33
V1353,2416,1,3.0,80,7.5,1.13
V1354,4006,1,3.0,80,7.5,1.01
V1355,2565,1,3.0,80,7.5,1.42
V1356,3690,1,3.0,80,7.5,0.85
V1357,1806,0,0.0,80,7.5,1.43
V1358,4126,0,0.0,80,7.5,0.96
V1359,1026,0,0.0,80,7.5,1.21
V1360,4487,0,0.0,80,7.5,0.86
V1361,2048,0,0.0,80,7.5,1.07
V1362,4984,0,0.0,80,7.5,1.22
V1363,2430,0,0.0,80,7.5,0.8
V1364,3905,1,3.0,80,7.5,1.26
V1365,4223,0,0.0,80,7.5,1.12
V1366,1004,1,3.0,80,7.5,0.77
V1367,2633,1,3.0,80,7.5,1.07
V1368,909,1,3.0,80,7.5,0.95
V1369,3090,1,3.0,80,7.5,0.65
V1370,1333,0,0.0,80,7.5,1.41
V1371,1750,1,3.0,80,7.5,0.79
V1372,3985,1,3.0,80,7.5,1.25
V1373,1249,1,3.0,80,7.5,1.43
V1374,3804,1,3.0,80,7.5,0.66
V1375,4182,1,3.0,80,7.5,1.08
V1376,4578,1,3.0,80,7.5,1.42
V1377,2766,1,3.0,80,7.5,1.33
V1378,3176,1,3.0,80,7.5,0.8
V1379,3306,1,3.0,80,7.5,0.7
V1380,3916,0,0.0,80,7.5,1.37
V1381,1204,1,3.0,80,7.5,1.17
V1382,1899,0,0.0,80,7.5,1.32
V1383,3179,0,0.0,80,7.5,1.29
V1384,3020,0,0.0,80,7.5,0.84
V1385,1281,0,0.0,80,7.5,1.21
V1386,4693,0,0.0,80,7.5,1.38
V1387,4861,1,3.0,80,7.5,0.77
V1388,2044,0,0.0,80,7.5,1.2
V1389,1005,1,3.0,80,7.5,1.22
V1390,1677,1,3.0,80,7.5,0.61
V1391,4688,0,0.0,80,7.5,1.29
V1392,4044,0,0.0,80,7.5,0.74
V1393,2691,0,0.0,80,7.5,0.69
V1394,4441,1,3.0,80,7.5,0.66
V1395,1388,1,3.0,80,7.5,1.48
V1396,4438,0,0.0,80,7.5,1.35
V1397,1894,0,0.0,80,7.5,1.26
V1398,1053,1,3.0,80,7.5,1.03
V1399,1868,0,0.0,80,7.5,0.83
V1400,2259,0,0.0,80,7.5,1.14
V1401,4538,1,3.0,80,7.5,1.29
V1402,925,1,3.0,80,7.5,1.35
V1403,1519,0,0.0,80,7.5,0.82
V1404,4445,0,0.0,80,7.5,1.09
V1405,3506,0,0.0,80,7.5,0.73
V1406,1449,1,3.0,80,7.5,1.41
V1407,3481,1,3.0,80,7.5,0.6
V1408,1097,1,3.0,80,7.5,0.9
V1409,4702,1,3.0,80,7.5,1.48
V1410,4458,0,0.0,80,7.5,0.9
V1411,881,1,3.0,80,7.5,0.7
V1412,3353,0,0.0,80,7.5,0.9
V1413,1554,0,0.0,80,7.5,0.88
V1414,3817,1,3.0,80,7.5,0.7
V1415,2728,1,3.0,80,7.5,1.24
V1416,1051,1,3.0,80,7.5,1.31
V1417,978,0,0.0,80,7.5,1.23
V1418,1903,1,3.0,80,7.5,0.93
V1419,3883,1,3.0,80,7.5,1.19
V1420,2062,0,0.0,80,7.5,1.06
V1421,1082,1,3.0,80,7.5,0.98
V1422,4843,1,3.0,80,7.5,1.29
V1423,4593,0,0.0,80,7.5,0.74
V1424,3833,1,3.0,80,7.5,1.34
V1425,2202,1,3.0,80,7.5,0.75
V1426,1134,1,3.0,80,7.5,0.91
V1427,4809,0,0.0,80,7.5,0.81
V1428,3772,1,3.0,80,7.5,1.29
V1429,4067,1,3.0,80,7.5,1.11
V1430,1111,0,0.0,80,7.5,1.05
V1431,1992,1,3.0,80,7.5,0.92
V1432,4135,0,0.0,80,7.5,1.27
V1433,2168,0,0.0,80,7.5,1.47
V1434,2293,1,3.0,80,7.5,0.71
V1435,4521,1,3.0,80,7.5,0.96
V1436,948,1,3.0,80,7.5,0.67
V1437,3122,1,3.0,80,7.5,0.67
V1438,2456,0,0.0,80,7.5,1.28
V1439,3392,1,3.0,80,7.5,0.72
V1440,947,1,3.0,80,7.5,1.39
V1441,3351,0,0.0,80,7.5,1.26
V1442,1633,0,0.0,80,7.5,1.11
V1443,4107,1,3.0,80,7.5,1.05
V1444,1641,0,0.0,80,7.5,0.95
V1445,4917,0,0.0,80,7.5,1.07
V1446,3643,0,0.0,80,7.5,1.24
V1447,907,1,3.0,80,7.5,0.7
V1448,3863,1,3.0,80,7.5,1.32
V1449,3773,1,3.0,80,7.5,0.67
V1450,1535,1,3.0,80,7.5,0.99
V1451,2592,1,3.0,80,7.5,0.96
V1452,1214,0,0.0,80,7.5,1.5
V1453,2014,1,3.0,80,7.5,1.12
V1454,3710,1,3.0,80,7.5,1.47
V1455,1369,1,3.0,80,7.5,1.3
V1456,3265,0,0.0,80,7.5,0.65
V1457,3478,1,3.0,80,7.5,1.18
V1458,2605,0,0.0,80,7.5,1.38
V1459,2923,0,0.0,80,7.5,0.87
V1460,4691,1,3.0,80,7.5,1.01
V1461,4030,1,3.0,80,7.5,0.65
V1462,4671,1,3.0,80,7.5,0.76
V1463,2772,1,3.0,80,7.5,1.4
V1464,1254,0,0.0,80,7.5,0.8
V1465,3197,0,0.0,80,7.5,1.33
V1466,2224,1,3.0,80,7.5,1.13
V1467,4758,1,3.0,80,7.5,1.21
V1468,1460,1,3.0,80,7.5,1.01
V1469,3965,0,0.0,80,7.5,0.96
V1470,1782,1,3.0,80,7.5,1.02
V1471,2853,0,0.0,80,7.5,1.17
V1472,3713,0,0.0,80,7.5,1.38
V1473,2599,1,3.0,80,7.5,1.38
V1474,1017,0,0.0,80,7.5,0.92
V1475,2656,0,0.0,80,7.5,1.06
V1476,4187,1,3.0,80,7.5,1.03
V1477,1571,0,0.0,80,7.5,1.4
V1478,1418,1,3.0,80,7.5,1.4
V1479,3572,0,0.0,80,7.5,1.3
V1480,4392,0,0.0,80,7.5,0.64
V1481,1814,1,3.0,80,7.5,0.86
V1482,2502,1,3.0,80,7.5,0.62
V1483,1538,1,3.0,80,7.5,1.13
V1484,4595,0,0.0,80,7.5,0.93
V1485,2759,1,3.0,80,7.5,1.32
V1486,3259,0,0.0,80,7.5,0.77
V1487,3657,1,3.0,80,7.5,0.81
V1488,921,1,3.0,80,7.5,0.61
V1489,1386,1,3.0,80,7.5,1.14
V1490,3238,1,3.0,80,7.5,1.49
V1491,3632,1,3.0,80,7.5,0.87
V1492,3981,1,3.0,80,7.5,0.64
V1493,2601,1,3.0,80,7.5,1.18
V1494,1683,1,3.0,80,7.5,1.38
V1495,2772,0,0.0,80,7.5,0.88
V1496,2001,0,0.0,80,7.5,1.43
V1497,4307,0,0.0,80,7.5,1.14
V1498,1984,1,3.0,80,7.5,1.13
V1499,4874,0,0.0,80,7.5,0.93
V1500,2394,1,3.0,80,7.5,0.75
V1501,2906,1,3.0,80,7.5,0.88
V1502,1340,1,3.0,80,7.5,1.04
V1503,1503,0,0.0,80,7.5,1.1
V1504,3741,1,3.0,80,7.5,0.97
V1505,3985,1,3.0,80,7.5,1.07
V1506,1019,1,3.0,80,7.5,0.94
V1507,2729,1,3.0,80,7.5,1.3
V1508,3021,0,0.0,80,7.5,1.07
V1509,4913,0,0.0,80,7.5,1.32
V1510,3287,1,3.0,80,7.5,1.19
V1511,2425,1,3.0,80,7.5,1.25
V1512,4715,0,0.0,80,7.5,1.0
V1513,3311,0,0.0,80,7.5,0.82
V1514,4859,1,3.0,80,7.5,1.2
V1515,2670,0,0.0,80,7.5,1.27
V1516,2548,1,3.0,80,7.5,1.14
V1517,3648,1,3.0,80,7.5,1.34
V1518,3153,1,3.0,80,7.5,1.28
V1519,3543,1,3.0,80,7.5,0.81
V1520,3412,0,0.0,80,7.5,1.18
V1521,2757,0,0.0,80,7.5,1.45
V1522,1887,0,0.0,80,7.5,0.66
V1523,3818,0,0.0,80,7.5,1.44
V1524,928,1,3.0,80,7.5,1.08
V1525,2091,0,0.0,80,7.5,1.45
V1526,4988,1,3.0,80,7.5,0.64
V1527,4949,1,3.0,80,7.5,0.76
V1528,1854,0,0.0,80,7.5,0.61
V1529,3791,0,0.0,80,7.5,1.13
V1530,876,1,3.0,80,7.5,1.05
V1531,3698,1,3.0,80,7.5,1.26
V1532,4710,1,3.0,80,7.5,1.11
V1533,4164,0,0.0,80,7.5,1.1
V1534,3103,1,3.0,80,7.5,1.42
V1535,1059,0,0.0,80,7.5,1.35
V1536,1619,1,3.0,80,7.5,1.36
V1537,1920,1,3.0,80,7.5,1.4
V1538,3869,1,3.0,80,7.5,0.79
V1539,3397,0,0.0,80,7.5,1.02
V1540,1440,1,3.0,80,7.5,0.96
V1541,2855,1,3.0,80,7.5,1.47
V1542,3099,1,3.0,80,7.5,1.07
V1543,4363,0,0.0,80,7.5,0.73
V1544,2550,1,3.0,80,7.5,0.92
V1545,3285,1,3.0,80,7.5,0.88
V1546,2449,0,0.0,80,7.5,1.17
V1547,3771,0,0.0,80,7.5,0.78
V1548,1815,1,3.0,80,7.5,1.49
V1549,1835,1,3.0,80,7.5,0.61
V1550,4425,0,0.0,80,7.5,0.93
V1551,1772,1,3.0,80,7.5,1.42
V1552,4052,1,3.0,80,7.5,0.94
V1553,4185,0,0.0,80,7.5,1.21
V1554,1740,0,0.0,80,7.5,1.35
V1555,2020,1,3.0,80,7.5,0.78
V1556,4771,1,3.0,80,7.5,1.39
V1557,3955,0,0.0,80,7.5,0.62
V1558,822,1,3.0,80,7.5,1.02
V1559,4235,0,0.0,80,7.5,0.92
V1560,1610,1,3.0,80,7.5,1.2
V1561,2722,1,3.0,80,7.5,1.0
V1562,2083,0,0.0,80,7.5,0.67
V1563,2924,0,0.0,80,7.5,0.7
V1564,4723,0,0.0,80,7.5,0.89
V1565,2389,1,3.0,80,7.5,0.88
V1566,4652,1,3.0,80,7.5,1.18
V1567,3954,0,0.0,80,7.5,0.98
V1568,1002,0,0.0,80,7.5,0.82
V1569,974,0,0.0,80,7.5,1.14
V1570,3324,0,0.0,80,7.5,1.42
V1571,3521,0,0.0,80,7.5,1.19
V1572,983,1,3.0,80,7.5,1.12
V1573,2333,0,0.0,80,7.5,0.94
V1574,4096,1,3.0,80,7.5,1.33
V1575,2775,0,0.0,80,7.5,1.06
V1576,1026,1,3.0,80,7.5,1.33
V1577,2201,1,3.0,80,7.5,0.72
V1578,2436,1,3.0,80,7.5,1.45
V1579,2891,0,0.0,80,7.5,1.47
V1580,1211,0,0.0,80,7.5,0.86
V1581,4428,0,0.0,80,7.5,1.33
V1582,2185,1,3.0,80,7.5,0.69
V1583,1461,0,0.0,80,7.5,1.38
V1584,1758,1,3.0,80,7.5,0.87
V1585,3482,0,0.0,80,7.5,1.26
V1586,2388,1,3.0,80,7.5,1.22
V1587,4557,0,0.0,80,7.5,0.81
V1588,1780,0,0.0,80,7.5,0.81
V1589,2112,0,0.0,80,7.5,1.07
V1590,1474,1,3.0,80,7.5,0.99
V1591,1564,0,0.0,80,7.5,0.65
V1592,4288,0,0.0,80,7.5,0.94
V1593,3266,0,0.0,80,7.5,0.99
V1594,2824,1,3.0,80,7.5,0.73
V1595,2872,1,3.0,80,7.5,1.03
V1596,1122,1,3.0,80,7.5,1.26
V1597,1229,0,0.0,80,7.5,0.97
V1598,4022,0,0.0,80,7.5,1.13
V1599,4522,0,0.0,80,7.5,1.42
V1600,3897,0,0.0,80,7.5,1.39
V1601,2609,0,0.0,80,7.5,0.65
V1602,4380,0,0.0,80,7.5,1.11
V1603,1125,1,3.0,80,7.5,1.47
V1604,1660,0,0.0,80,7.5,0.89
V1605,3723,1,3.0,80,7.5,1.09
V1606,1042,0,0.0,80,7.5,1.19
V1607,2701,0,0.0,80,7.5,1.07
V1608,4880,1,3.0,80,7.5,1.11
V1609,997,1,3.0,80,7.5,0.72
V1610,4449,0,0.0,80,7.5,1.24
V1611,4472,1,3.0,80,7.5,1.4
V1612,2175,1,3.0,80,7.5,1.35
V1613,2813,1,3.0,80,7.5,0.64
V1614,2351,0,0.0,80,7.5,0.84
V1615,4573,0,0.0,80,7.5,1.14
V1616,2956,0,0.0,80,7.5,1.08
V1617,2450,0,0.0,80,7.5,1.42
V1618,3826,1,3.0,80,7.5,0.89
V1619,3799,0,0.0,80,7.5,0.98
V1620,4456,0,0.0,80,7.5,1.35
V1621,1344,0,0.0,80,7.5,1.3
V1622,3716,1,3.0,80,7.5,0.72
V1623,2651,1,3.0,80,7.5,1.29
V1624,2137,1,3.0,80,7.5,1.42
V1625,3102,1,3.0,80,7.5,0.74
V1626,2691,0,0.0,80,7.5,0.9
V1627,913,0,0.0,80,7.5,1.11
V1628,4491,1,3.0,80,7.5,1.33
V1629,1768,0,0.0,80,7.5,1.09
V1630,3235,1,3.0,80,7.5,0.63
V1631,4083,1,3.0,80,7.5,1.32
V1632,1786,1,3.0,80,7.5,0.81
V1633,4242,0,0.0,80,7.5,0.63
V1634,1487,0,0.0,80,7.5,1.24
V1635,2272,1,3.0,80,7.5,1.27
V1636,3769,1,3.0,80,7.5,0.72
V1637,1962,1,3.0,80,7.5,1.14
V1638,4770,1,3.0,80,7.5,1.48
V1639,1174,0,0.0,80,7.5,1.0
V1640,2307,0,0.0,80,7.5,0.78
V1641,3167,1,3.0,80,7.5,1.18
V1642,3837,0,0.0,80,7.5,1.4
V1643,4094,0,0.0,80,7.5,1.16
V1644,2973,0,0.0,80,7.5,0.7
V1645,4438,1,3.0,80,7.5,1.33
V1646,4910,1,3.0,80,7.5,1.15
V1647,1451,1,3.0,80,7.5,0.93
V1648,2508,0,0.0,80,7.5,1.48
V1649,1201,0,0.0,80,7.5,1.43
V1650,3887,0,0.0,80,7.5,1.2
V1651,1163,1,3.0,80,7.5,1.39
V1652,2730,0,0.0,80,7.5,1.0
V1653,4009,0,0.0,80,7.5,0.83
V1654,3148,0,0.0,80,7.5,1.25
V1655,2079,0,0.0,80,7.5,1.49
V1656,2329,1,3.0,80,7.5,1.21
V1657,2509,0,0.0,80,7.5,1.19
V1658,2119,1,3.0,80,7.5,1.24
V1659,2617,1,3.0,80,7.5,1.09
V1660,1686,0,0.0,80,7.5,0.71
V1661,2876,0,0.0,80,7.5,1.28
V1662,2173,0,0.0,80,7.5,0.9
V1663,3122,0,0.0,80,7.5,1.06
V1664,4969,1,3.0,80,7.5,0.83
V1665,2968,0,0.0,80,7.5,1.21
V1666,2621,1,3.0,80,7.5,0.96
V1667,2359,0,0.0,80,7.5,0.76
V1668,4487,0,0.0,80,7.5,0.83
V1669,3812,0,0.0,80,7.5,0.63
V1670,2067,1,3.0,80,7.5,0.79
V1671,2272,1,3.0,80,7.5,1.35
V1672,1398,1,3.0,80,7.5,1.25
V1673,1816,0,0.0,80,7.5,1.17
V1674,4875,1,3.0,80,7.5,0.99
V1675,1053,1,3.0,80,7.5,1.27
V1676,3577,0,0.0,80,7.5,1.0
V1677,1079,1,3.0,80,7.5,0.79
V1678,1417,0,0.0,80,7.5,0.62
V1679,4800,1,3.0,80,7.5,0.66
V1680,1285,1,3.0,80,7.5,1.49
V1681,4518,0,0.0,80,7.5,0.82
V1682,1216,0,0.0,80,7.5,0.67
V1683,4329,0,0.0,80,7.5,1.44
V1684,1017,0,0.0,80,7.5,0.69
V1685,1403,1,3.0,80,7.5,1.11
V1686,1780,0,0.0,80,7.5,1.22
V1687,1768,0,0.0,80,7.5,1.36
V1688,1693,0,0.0,80,7.5,1.48
V1689,2610,1,3.0,80,7.5,1.34
V1690,2123,1,3.0,80,7.5,1.32
V1691,4729,0,0.0,80,7.5,0.79
V1692,3057,1,3.0,80,7.5,1.4
V1693,4078,1,3.0,80,7.5,1.27
V1694,1687,1,3.0,80,7.5,1.01
V1695,2739,1,3.0,80,7.5,1.08
V1696,2576,0,0.0,80,7.5,1.18
V1697,2489,1,3.0,80,7.5,1.08
V1698,940,1,3.0,80,7.5,1.45
V1699,2372,0,0.0,80,7.5,1.04
V1700,4551,0,0.0,80,7.5,1.11
V1701,4958,1,3.0,80,7.5,1.47
V1702,1064,0,0.0,80,7.5,1.42
V1703,1522,1,3.0,80,7.5,0.78
V1704,2088,1,3.0,80,7.5,0.99
V1705,4920,1,3.0,80,7.5,1.39
V1706,4362,1,3.0,80,7.5,1.09
V1707,1357,1,3.0,80,7.5,0.7
V1708,4753,0,0.0,80,7.5,0.62
V1709,3091,0,0.0,80,7.5,0.91
V1710,1868,0,0.0,80,7.5,1.14
V1711,2055,0,0.0,80,7.5,1.39
V1712,2773,1,3.0,80,7.5,1.5
V1713,2581,1,3.0,80,7.5,1.1
V1714,4366,0,0.0,80,7.5,1.44
V1715,2762,0,0.0,80,7.5,0.96
V1716,2332,1,3.0,80,7.5,0.74
V1717,3205,1,3.0,80,7.5,0.68
V1718,2523,0,0.0,80,7.5,1.47
V1719,3014,0,0.0,80,7.5,0.84
V1720,3850,1,3.0,80,7.5,1.26
V1721,949,1,3.0,80,7.5,1.37
V1722,2462,0,0.0,80,7.5,0.93
V1723,4980,1,3.0,80,7.5,0.63
V1724,2682,1,3.0,80,7.5,1.23
V1725,4001,1,3.0,80,7.5,0.74
V1726,3775,1,3.0,80,7.5,1.28
V1727,2651,0,0.0,80,7.5,0.92
V1728,1242,1,3.0,80,7.5,0.8
V1729,4382,0,0.0,80,7.5,0.82
V1730,1533,1,3.0,80,7.5,0.65
V1731,4033,1,3.0,80,7.5,1.35
V1732,3909,0,0.0,80,7.5,0.73
V1733,1423,0,0.0,80,7.5,0.64
V1734,3679,1,3.0,80,7.5,1.13
V1735,902,0,0.0,80,7.5,1.24
V1736,3187,0,0.0,80,7.5,1.2
V1737,921,0,0.0,80,7.5,1.29
V1738,1171,1,3.0,80,7.5,1.1
V1739,1052,0,0.0,80,7.5,1.42
V1740,2540,1,3.0,80,7.5,0.91
V1741,2792,0,0.0,80,7.5,0.84
V1742,1058,0,0.0,80,7.5,1.33
V1743,3346,1,3.0,80,7.5,0.71
V1744,2319,0,0.0,80,7.5,1.41
V1745,981,0,0.0,80,7.5,1.14
V1746,3155,1,3.0,80,7.5,1.06
V1747,2245,1,3.0,80,7.5,1.13
V1748,4700,1,3.0,80,7.5,1.41
V1749,1679,0,0.0,80,7.5,0.71
V1750,4694,1,3.0,80,7.5,0.83
V1751,3710,0,0.0,80,7.5,1.19
V1752,841,0,0.0,80,7.5,1.39
V1753,946,1,3.0,80,7.5,0.94
V1754,2672,0,0.0,80,7.5,0.91
V1755,4456,1,3.0,80,7.5,0.8
V1756,3052,0,0.0,80,7.5,0.61
V1757,2435,0,0.0,80,7.5,1.39
V1758,2578,1,3.0,80,7.5,0.99
V1759,1485,0,0.0,80,7.5,1.11
V1760,4363,1,3.0,80,7.5,0.81
V1761,1998,0,0.0,80,7.5,1.08
V1762,921,1,3.0,80,7.5,1.5
V1763,3803,0,0.0,80,7.5,1.39
V1764,3196,0,0.0,80,7.5,0.82
V1765,2805,1,3.0,80,7.5,0.94
V1766,4776,1,3.0,80,7.5,0.68
V1767,2014,0,0.0,80,7.5,0.93
V1768,3167,0,0.0,80,7.5,1.5
V1769,2898,1,3.0,80,7.5,1.28
V1770,4644,0,0.0,80,7.5,0.83
V1771,1504,0,0.0,80,7.5,0.65
V1772,3203,0,0.0,80,7.5,0.97
V1773,1012,0,0.0,80,7.5,1.43
V1774,2926,0,0.0,80,7.5,0.62
V1775,1549,0,0.0,80,7.5,1.19
V1776,3013,1,3.0,80,7.5,1.17
V1777,1501,0,0.0,80,7.5,1.08
V1778,4491,1,3.0,80,7.5,1.08
V1779,3030,0,0.0,80,7.5,1.16
V1780,3473,1,3.0,80,7.5,0.99
V1781,1099,0,0.0,80,7.5,1.09
V1782,1841,0,0.0,80,7.5,1.47
V1783,2512,0,0.0,80,7.5,0.96
V1784,4509,0,0.0,80,7.5,1.18
V1785,4479,0,0.0,80,7.5,1.39
V1786,3643,1,3.0,80,7.5,1.4
V1787,2123,1,3.0,80,7.5,0.78
V1788,1763,1,3.0,80,7.5,1.41
V1789,4180,0,0.0,80,7.5,0.81
V1790,3018,0,0.0,80,7.5,1.48
V1791,2931,1,3.0,80,7.5,1.2
V1792,1169,1,3.0,80,7.5,1.04
V1793,3377,1,3.0,80,7.5,1.03
V1794,1933,0,0.0,80,7.5,1.44
V1795,844,0,0.0,80,7.5,1.29
V1796,1416,0,0.0,80,7.5,1.22
V1797,1531,0,0.0,80,7.5,0.82
V1798,2687,0,0.0,80,7.5,0.68
V1799,1419,0,0.0,80,7.5,1.46
V1800,2858,0,0.0,80,7.5,0.97
V1801,4292,0,0.0,80,7.5,1.23
V1802,3820,1,3.0,80,7.5,1.19
V1803,1006,0,0.0,80,7.5,1.41
V1804,4572,1,3.0,80,7.5,0.92
V1805,3637,0,0.0,80,7.5,0.65
V1806,3400,1,3.0,80,7.5,1.05
V1807,1547,0,0.0,80,7.5,1.33
V1808,3709,0,0.0,80,7.5,0.6
V1809,2682,0,0.0,80,7.5,1.22
V1810,3409,1,3.0,80,7.5,1.24
V1811,3373,0,0.0,80,7.5,1.26
V1812,4577,1,3.0,80,7.5,1.04
V1813,2898,0,0.0,80,7.5,0.75
V1814,1650,0,0.0,80,7.5,0.67
V1815,1169,1,3.0,80,7.5,0.75
V1816,1297,1,3.0,80,7.5,0.88
V1817,4149,1,3.0,80,7.5,1.06
V1818,2032,0,0.0,80,7.5,0.7
V1819,4933,1,3.0,80,7.5,0.71
V1820,3018,0,0.0,80,7.5,1.07
V1821,2401,0,0.0,80,7.5,0.68
V1822,1208,1,3.0,80,7.5,0.85
V1823,1616,0,0.0,80,7.5,0.71
V1824,3121,0,0.0,80,7.5,1.28
V1825,1350,1,3.0,80,7.5,0.99
V1826,1912,0,0.0,80,7.5,1.3
V1827,3709,1,3.0,80,7.5,1.47
V1828,3901,1,3.0,80,7.5,1.44
V1829,3076,0,0.0,80,7.5,0.73
V1830,1885,0,0.0,80,7.5,0.71
V1831,2363,1,3.0,80,7.5,1.27
V1832,1283,0,0.0,80,7.5,0.88
V1833,3572,0,0.0,80,7.5,1.06
V1834,2018,0,0.0,80,7.5,1.5
V1835,4198,0,0.0,80,7.5,1.35
V1836,4003,1,3.0,80,7.5,1.08
V1837,3896,0,0.0,80,7.5,1.21
V1838,3007,0,0.0,80,7.5,1.14
V1839,3241,1,3.0,80,7.5,0.79
V1840,3963,1,3.0,80,7.5,0.75
V1841,1491,1,3.0,80,7.5,1.15
V1842,960,0,0.0,80,7.5,0.96
V1843,4896,1,3.0,80,7.5,0.94
V1844,2247,1,3.0,80,7.5,1.0
V1845,3092,0,0.0,80,7.5,0.63
V1846,2368,0,0.0,80,7.5,1.42
V1847,2521,0,0.0,80,7.5,1.41
V1848,4813,0,0.0,80,7.5,0.84
V1849,1142,1,3.0,80,7.5,1.25
V1850,1361,1,3.0,80,7.5,0.75
V1851,3799,1,3.0,80,7.5,0.93
V1852,3468,0,0.0,80,7.5,1.35
V1853,3587,1,3.0,80,7.5,0.64
V1854,4304,1,3.0,80,7.5,1.16
V1855,4637,0,0.0,80,7.5,0.71
V1856,3970,0,0.0,80,7.5,1.13
V1857,832,0,0.0,80,7.5,1.26
V1858,3657,0,0.0,80,7.5,1.31
V1859,1103,1,3.0,80,7.5,1.15
V1860,1506,0,0.0,80,7.5,1.5
V1861,3050,0,0.0,80,7.5,0.64
V1862,1900,0,0.0,80,7.5,0.96
V1863,4526,1,3.0,80,7.5,0.88
V1864,2304,0,0.0,80,7.5,0.92
V1865,2119,0,0.0,80,7.5,0.73
V1866,860,1,3.0,80,7.5,1.12
V1867,2831,0,0.0,80,7.5,0.86
V1868,1903,1,3.0,80,7.5,0.65
V1869,3990,1,3.0,80,7.5,0.84
V1870,2693,1,3.0,80,7.5,1.31
V1871,1160,0,0.0,80,7.5,1.32
V1872,3269,1,3.0,80,7.5,1.05
V1873,3180,1,3.0,80,7.5,1.48
V1874,1983,1,3.0,80,7.5,0.96
V1875,3809,0,0.0,80,7.5,1.1
V1876,1964,0,0.0,80,7.5,1.1
V1877,4417,0,0.0,80,7.5,0.93
V1878,2584,1,3.0,80,7.5,0.69
V1879,3377,1,3.0,80,7.5,1.43
V1880,1255,1,3.0,80,7.5,1.43
V1881,2873,1,3.0,80,7.5,1.02
V1882,3428,1,3.0,80,7.5,1.02
V1883,1078,0,0.0,80,7.5,0.62
V1884,3227,0,0.0,80,7.5,1.46
V1885,4058,1,3.0,80,7.5,1.33
V1886,1065,0,0.0,80,7.5,1.25
V1887,3418,0,0.0,80,7.5,1.29
V1888,932,0,0.0,80,7.5,1.48
V1889,4511,1,3.0,80,7.5,1.19
V1890,2331,0,0.0,80,7.5,1.11
V1891,3935,1,3.0,80,7.5,1.21
V1892,3766,1,3.0,80,7.5,1.19
V1893,4073,0,0.0,80,7.5,0.61
V1894,2635,1,3.0,80,7.5,0.98
V1895,4438,1,3.0,80,7.5,0.96
V1896,2805,1,3.0,80,7.5,1.38
V1897,837,0,0.0,80,7.5,1.17
V1898,4320,1,3.0,80,7.5,1.29
V1899,4558,0,0.0,80,7.5,0.96
V1900,1373,0,0.0,80,7.5,1.12
V1901,1430,1,3.0,80,7.5,1.17
V1902,4875,0,0.0,80,7.5,1.49
V1903,1462,0,0.0,80,7.5,0.78
V1904,4436,1,3.0,80,7.5,0.79
V1905,1928,0,0.0,80,7.5,1.19
V1906,3375,0,0.0,80,7.5,1.16
V1907,1938,1,3.0,80,7.5,0.88
V1908,1941,1,3.0,80,7.5,1.23
V1909,2067,0,0.0,80,7.5,1.4
V1910,2452,0,0.0,80,7.5,0.7
V1911,4461,1,3.0,80,7.5,1.43
V1912,4630,1,3.0,80,7.5,1.4
V1913,2073,1,3.0,80,7.5,0.99
V1914,3860,1,3.0,80,7.5,1.37
V1915,1240,1,3.0,80,7.5,0.81
V1916,4200,0,0.0,80,7.5,0.75
V1917,3484,1,3.0,80,7.5,0.62
V1918,4838,0,0.0,80,7.5,1.25
V1919,2428,0,0.0,80,7.5,1.43
V1920,3524,0,0.0,80,7.5,1.27
V1921,2482,0,0.0,80,7.5,1.47
V1922,2812,0,0.0,80,7.5,0.99
V1923,1830,0,0.0,80,7.5,0.71
V1924,1904,0,0.0,80,7.5,1.14
V1925,2741,1,3.0,80,7.5,1.22
V1926,2140,1,3.0,80,7.5,1.12
V1927,3550,0,0.0,80,7.5,1.46
V1928,3807,1,3.0,80,7.5,0.8
V1929,2308,1,3.0,80,7.5,0.62
V1930,2343,1,3.0,80,7.5,0.99
V1931,2963,1,3.0,80,7.5,1.43
V1932,4584,0,0.0,80,7.5,0.85
V1933,4725,1,3.0,80,7.5,1.13
V1934,2616,1,3.0,80,7.5,0.86
V1935,2789,1,3.0,80,7.5,0.9
V1936,3227,0,0.0,80,7.5,1.18
V1937,2265,1,3.0,80,7.5,1.39
V1938,2491,0,0.0,80,7.5,1.23
V1939,1360,0,0.0,80,7.5,0.78
V1940,3507,1,3.0,80,7.5,1.42
V1941,914,0,0.0,80,7.5,1.02
V1942,4676,1,3.0,80,7.5,0.76
V1943,3147,0,0.0,80,7.5,1.1
V1944,1305,0,0.0,80,7.5,1.01
V1945,1136,1,3.0,80,7.5,1.27
V1946,3073,0,0.0,80,7.5,1.46
V1947,3848,0,0.0,80,7.5,1.1
V1948,4528,0,0.0,80,7.5,1.04
V1949,2273,1,3.0,80,7.5,1.46
V1950,3353,1,3.0,80,7.5,0.62
V1951,3346,0,0.0,80,7.5,1.48
V1952,2177,1,3.0,80,7.5,0.77
V1953,4809,0,0.0,80,7.5,0.84
V1954,1529,1,3.0,80,7.5,0.9
V1955,2053,1,3.0,80,7.5,0.97
V1956,3805,0,0.0,80,7.5,1.11
V1957,819,1,3.0,80,7.5,1.38
V1958,4920,0,0.0,80,7.5,0.65
V1959,1604,1,3.0,80,7.5,1.28
V1960,3479,1,3.0,80,7.5,1.07
V1961,2025,0,0.0,80,7.5,0.96
V1962,2040,0,0.0,80,7.5,1.03
V1963,4609,0,0.0,80,7.5,1.14
V1964,3470,0,0.0,80,7.5,1.0
V1965,1420,1,3.0,80,7.5,1.14
V1966,2351,0,0.0,80,7.5,1.07
V1967,3597,0,0.0,80,7.5,1.16
V1968,3836,1,3.0,80,7.5,1.39
V1969,4847,0,0.0,80,7.5,0.6
V1970,2118,1,3.0,80,7.5,1.42
V1971,4224,1,3.0,80,7.5,0.91
V1972,2809,0,0.0,80,7.5,0.89
V1973,2297,0,0.0,80,7.5,0.77
V1974,1086,0,0.0,80,7.5,1.1
V1975,1037,0,0.0,80,7.5,0.89
V1976,4716,1,3.0,80,7.5,0.95
V1977,3043,1,3.0,80,7.5,1.27
V1978,3711,1,3.0,80,7.5,0.64
V1979,2162,1,3.0,80,7.5,1.03
V1980,1889,0,0.0,80,7.5,1.24
V1981,3910,0,0.0,80,7.5,0.74
V1982,4326,0,0.0,80,7.5,1.49
V1983,3099,1,3.0,80,7.5,1.41
V1984,3659,0,0.0,80,7.5,1.21
V1985,1478,1,3.0,80,7.5,1.26
V1986,1309,1,3.0,80,7.5,1.09
V1987,1336,0,0.0,80,7.5,0.69
V1988,4681,0,0.0,80,7.5,1.0
V1989,2460,1,3.0,80,7.5,1.24
V1990,2862,0,0.0,80,7.5,1.13
V1991,3456,1,3.0,80,7.5,1.46
V1992,2132,0,0.0,80,7.5,0.6
V1993,3486,1,3.0,80,7.5,0.63
V1994,1273,1,3.0,80,7.5,0.78
V1995,3196,0,0.0,80,7.5,0.67
V1996,2791,1,3.0,80,7.5,1.47
V1997,4113,1,3.0,80,7.5,1.25
V1998,3356,1,3.0,80,7.5,0.66
V1999,3488,0,0.0,80,7.5,0.97
V2000,4112,0,0.0,80,7.5,0.99
V2001,4996,0,0.0,80,7.5,1.34
V2002,2016,0,0.0,80,7.5,0.64
V2003,2100,1,3.0,80,7.5,1.18
V2004,2137,0,0.0,80,7.5,0.74
V2005,2510,0,0.0,80,7.5,0.82
V2006,3490,0,0.0,80,7.5,1.0
V2007,2316,1,3.0,80,7.5,0.81
V2008,2606,0,0.0,80,7.5,1.11
V2009,1611,1,3.0,80,7.5,1.17
V2010,4018,0,0.0,80,7.5,1.08
V2011,2590,1,3.0,80,7.5,1.35
V2012,3630,0,0.0,80,7.5,0.97
V2013,1695,1,3.0,80,7.5,0.89
V2014,4868,1,3.0,80,7.5,0.97
V2015,4219,0,0.0,80,7.5,1.31
V2016,1457,0,0.0,80,7.5,0.87
V2017,1124,0,0.0,80,7.5,1.05
V2018,4040,0,0.0,80,7.5,1.13
V2019,3002,0,0.0,80,7.5,1.34
V2020,1534,0,0.0,80,7.5,0.81
V2021,2015,1,3.0,80,7.5,1.24
V2022,2697,1,3.0,80,7.5,0.75
V2023,3114,1,3.0,80,7.5,0.79
V2024,1291,1,3.0,80,7.5,1.22
V2025,3471,1,3.0,80,7.5,0.73
V2026,998,1,3.0,80,7.5,1.49
V2027,1868,1,3.0,80,7.5,1.1
V2028,3410,0,0.0,80,7.5,1.24
V2029,1853,1,3.0,80,7.5,0.67
V2030,3867,1,3.0,80,7.5,0.91
V2031,1838,1,3.0,80,7.5,1.47
V2032,883,0,0.0,80,7.5,1.18
V2033,2150,0,0.0,80,7.5,1.33
V2034,3067,0,0.0,80,7.5,0.89
V2035,1175,0,0.0,80,7.5,1.39
V2036,2020,0,0.0,80,7.5,1.06
V2037,3348,1,3.0,80,7.5,1.49
V2038,3206,1,3.0,80,7.5,0.67
V2039,3020,1,3.0,80,7.5,1.15
V2040,871,0,0.0,80,7.5,1.18
V2041,2207,0,0.0,80,7.5,0.73
V2042,3365,1,3.0,80,7.5,0.72
V2043,3219,1,3.0,80,7.5,0.97
V2044,3842,1,3.0,80,7.5,1.2
V2045,3899,1,3.0,80,7.5,1.19
V2046,1952,1,3.0,80,7.5,1.2
V2047,1722,0,0.0,80,7.5,1.37
V2048,1177,0,0.0,80,7.5,1.48
V2049,1693,0,0.0,80,7.5,0.92
V2050,2592,0,0.0,80,7.5,0.9
V2051,3149,0,0.0,80,7.5,0.77
V2052,3032,0,0.0,80,7.5,1.1
V2053,2077,1,3.0,80,7.5,1.31
V2054,3600,0,0.0,80,7.5,0.86
V2055,4482,0,0.0,80,7.5,1.08
V2056,2170,0,0.0,80,7.5,1.41
V2057,1416,1,3.0,80,7.5,0.67
V2058,1374,1,3.0,80,7.5,1.49
V2059,1438,1,3.0,80,7.5,1.36
V2060,1836,1,3.0,80,7.5,0.92
V2061,1712,1,3.0,80,7.5,1.4
V2062,1762,1,3.0,80,7.5,1.12
V2063,2301,1,3.0,80,7.5,1.12
V2064,4154,1,3.0,80,7.5,0.77
V2065,3799,0,0.0,80,7.5,0.84
V2066,1124,0,0.0,80,7.5,1.4
V2067,4514,0,0.0,80,7.5,1.36
V2068,1890,0,0.0,80,7.5,1.11
V2069,3651,1,3.0,80,7.5,0.7
V2070,4875,0,0.0,80,7.5,1.21
V2071,2015,1,3.0,80,7.5,1.33
V2072,1605,1,3.0,80,7.5,0.68
V2073,2772,1,3.0,80,7.5,0.71
V2074,2652,1,3.0,80,7.5,1.16
V2075,1555,0,0.0,80,7.5,0.61
V2076,3245,1,3.0,80,7.5,1.45
V2077,922,1,3.0,80,7.5,1.37
V2078,3760,0,0.0,80,7.5,0.89
V2079,2311,1,3.0,80,7.5,1.46
V2080,4738,0,0.0,80,7.5,1.01
V2081,1274,1,3.0,80,7.5,1.34
V2082,3768,1,3.0,80,7.5,1.11
V2083,4467,1,3.0,80,7.5,0.91
V2084,3486,1,3.0,80,7.5,0.96
V2085,2950,1,3.0,80,7.5,0.81
V2086,3151,0,0.0,80,7.5,0.87
V2087,3428,1,3.0,80,7.5,1.34
V2088,4746,1,3.0,80,7.5,0.69
V2089,2044,1,3.0,80,7.5,1.46
V2090,2565,1,3.0,80,7.5,1.26
V2091,3451,0,0.0,80,7.5,1.28
V2092,1623,0,0.0,80,7.5,0.87
V2093,1808,0,0.0,80,7.5,1.28
V2094,4770,0,0.0,80,7.5,1.16
V2095,3405,0,0.0,80,7.5,1.4
V2096,988,0,0.0,80,7.5,0.77
V2097,2784,0,0.0,80,7.5,1.45
V2098,4140,1,3.0,80,7.5,1.4
V2099,2831,1,3.0,80,7.5,1.47
V2100,912,0,0.0,80,7.5,0.71
V2101,1684,1,3.0,80,7.5,1.2
V2102,3686,1,3.0,80,7.5,1.42
V2103,4763,1,3.0,80,7.5,0.62
V2104,1907,0,0.0,80,7.5,1.05
V2105,4128,0,0.0,80,7.5,0.73
V2106,3687,0,0.0,80,7.5,1.26
V2107,4828,0,0.0,80,7.5,0.84
V2108,4357,1,3.0,80,7.5,1.3
V2109,3005,0,0.0,80,7.5,0.72
V2110,3283,0,0.0,80,7.5,1.19
V2111,3594,1,3.0,80,7.5,1.24
V2112,3957,0,0.0,80,7.5,0.84
V2113,993,0,0.0,80,7.5,1.2
V2114,4830,1,3.0,80,7.5,1.21
V2115,4333,1,3.0,80,7.5,1.38
V2116,3022,0,0.0,80,7.5,1.38
V2117,4982,0,0.0,80,7.5,0.72
V2118,1250,0,0.0,80,7.5,0.73
V2119,4328,1,3.0,80,7.5,1.46
V2120,3972,0,0.0,80,7.5,0.9
V2121,2357,1,3.0,80,7.5,0.86
V2122,4209,1,3.0,80,7.5,1.19
V2123,1389,1,3.0,80,7.5,0.96
V2124,813,0,0.0,80,7.5,1.43
V2125,2485,0,0.0,80,7.5,1.21
V2126,3098,1,3.0,80,7.5,1.46
V2127,2089,1,3.0,80,7.5,0.62
V2128,2991,0,0.0,80,7.5,1.07
V2129,2639,0,0.0,80,7.5,1.02
V2130,1458,1,3.0,80,7.5,0.68
V2131,4170,0,0.0,80,7.5,0.97
V2132,1816,1,3.0,80,7.5,0.66
V2133,3569,1,3.0,80,7.5,0.9
V2134,4912,0,0.0,80,7.5,0.92
V2135,3467,1,3.0,80,7.5,1.2
V2136,3176,1,3.0,80,7.5,1.34
V2137,2781,0,0.0,80,7.5,1.19
V2138,1542,1,3.0,80,7.5,0.86
V2139,4690,0,0.0,80,7.5,1.26
V2140,2377,0,0.0,80,7.5,1.16
V2141,1643,0,0.0,80,7.5,1.34
V2142,4712,1,3.0,80,7.5,0.92
V2143,1069,0,0.0,80,7.5,1.44
V2144,3124,1,3.0,80,7.5,0.84
V2145,3655,0,0.0,80,7.5,1.46
V2146,2727,1,3.0,80,7.5,1.03
V2147,3068,1,3.0,80,7.5,1.4
V2148,3363,0,0.0,80,7.5,1.31
V2149,3111,1,3.0,80,7.5,1.42
V2150,3134,1,3.0,80,7.5,0.72
V2151,2932,0,0.0,80,7.5,1.19
V2152,4150,1,3.0,80,7.5,0.68
V2153,2953,1,3.0,80,7.5,1.01
V2154,1569,0,0.0,80,7.5,1.14
V2155,3849,1,3.0,80,7.5,1.02
V2156,3550,0,0.0,80,7.5,1.29
V2157,4377,0,0.0,80,7.5,1.5
V2158,3045,0,0.0,80,7.5,1.36
V2159,2655,0,0.0,80,7.5,0.72
V2160,3619,1,3.0,80,7.5,1.25
V2161,1225,0,0.0,80,7.5,1.18
V2162,2156,1,3.0,80,7.5,1.07
V2163,1194,0,0.0,80,7.5,0.99
V2164,1675,0,0.0,80,7.5,0.87
V2165,3311,1,3.0,80,7.5,0.92
V2166,2280,1,3.0,80,7.5,1.04
V2167,2272,1,3.0,80,7.5,1.25
V2168,2292,0,0.0,80,7.5,1.33
V2169,1511,1,3.0,80,7.5,0.67
V2170,1120,0,0.0,80,7.5,0.73
V2171,3922,0,0.0,80,7.5,1.03
V2172,3085,0,0.0,80,7.5,1.32
V2173,2223,1,3.0,80,7.5,0.93
V2174,2063,0,0.0,80,7.5,1.07
V2175,3278,1,3.0,80,7.5,1.32
V2176,4449,1,3.0,80,7.5,0.78
V2177,3149,0,0.0,80,7.5,1.16
V2178,2777,1,3.0,80,7.5,0.88
V2179,886,1,3.0,80,7.5,0.75
V2180,2897,1,3.0,80,7.5,1.3
V2181,3126,1,3.0,80,7.5,0.73
V2182,4917,0,0.0,80,7.5,1.21
V2183,1119,1,3.0,80,7.5,0.72
V2184,1352,1,3.0,80,7.5,0.66
V2185,4492,1,3.0,80,7.5,0.73
V2186,1950,0,0.0,80,7.5,0.84
V2187,4737,0,0.0,80,7.5,1.03
V2188,2069,1,3.0,80,7.5,0.86
V2189,1239,1,3.0,80,7.5,1.42
V2190,1589,1,3.0,80,7.5,0.72
V2191,1873,0,0.0,80,7.5,1.0
V2192,4274,1,3.0,80,7.5,1.08
V2193,1376,0,0.0,80,7.5,1.39
V2194,3688,1,3.0,80,7.5,1.35
V2195,4218,0,0.0,80,7.5,1.15
V2196,909,1,3.0,80,7.5,1.25
V2197,1950,1,3.0,80,7.5,1.3
V2198,2581,1,3.0,80,7.5,0.79
V2199,1624,1,3.0,80,7.5,1.49
V2200,2985,1,3.0,80,7.5,0.92
V2201,2170,1,3.0,80,7.5,0.71
V2202,4307,0,0.0,80,7.5,1.07
V2203,3905,1,3.0,80,7.5,1.36
V2204,1549,0,0.0,80,7.5,0.77
V2205,1107,0,0.0,80,7.5,1.24
V2206,942,0,0.0,80,7.5,1.35
V2207,1851,0,0.0,80,7.5,0.6
V2208,1138,1,3.0,80,7.5,0.62
V2209,1987,0,0.0,80,7.5,1.18
V2210,1338,1,3.0,80,7.5,1.44
V2211,2542,1,3.0,80,7.5,0.72
V2212,2275,0,0.0,80,7.5,1.02
V2213,2014,0,0.0,80,7.5,1.3
V2214,3118,0,0.0,80,7.5,0.72
V2215,1590,0,0.0,80,7.5,0.65
V2216,1912,0,0.0,80,7.5,0.92
V2217,2531,0,0.0,80,7.5,0.92
V2218,899,0,0.0,80,7.5,1.08
V2219,2949,1,3.0,80,7.5,1.06
V2220,4018,0,0.0,80,7.5,1.05
V2221,3611,1,3.0,80,7.5,1.37
V2222,3870,1,3.0,80,7.5,1.31
V2223,1764,1,3.0,80,7.5,1.46
V2224,3084,0,0.0,80,7.5,0.62
V2225,4513,0,0.0,80,7.5,1.42
V2226,3638,1,3.0,80,7.5,1.16
V2227,3175,1,3.0,80,7.5,0.77
V2228,1266,0,0.0,80,7.5,0.71
V2229,2944,0,0.0,80,7.5,0.67
V2230,3526,0,0.0,80,7.5,1.45
V2231,2847,0,0.0,80,7.5,1.26
V2232,3501,0,0.0,80,7.5,0.77
V2233,1921,0,0.0,80,7.5,0.92
V2234,1704,1,3.0,80,7.5,0.97
V2235,3922,1,3.0,80,7.5,0.67
V2236,1298,0,0.0,80,7.5,0.75
V2237,2836,1,3.0,80,7.5,0.96
V2238,2420,0,0.0,80,7.5,1.19
V2239,3734,1,3.0,80,7.5,1.47
V2240,4114,0,0.0,80,7.5,0.8
V2241,4005,0,0.0,80,7.5,1.22
V2242,2158,1,3.0,80,7.5,1.17
V2243,4414,1,3.0,80,7.5,1.3
V2244,3249,1,3.0,80,7.5,0.96
V2245,1154,0,0.0,80,7.5,0.92
V2246,2786,0,0.0,80,7.5,0.78
V2247,4175,0,0.0,80,7.5,1.43
V2248,887,0,0.0,80,7.5,0.83
V2249,3317,0,0.0,80,7.5,1.27
V2250,3477,1,3.0,80,7.5,1.4
V2251,4065,0,0.0,80,7.5,1.02
V2252,2855,1,3.0,80,7.5,1.01
V2253,3749,1,3.0,80,7.5,0.85
V2254,4489,0,0.0,80,7.5,1.42
V2255,1090,1,3.0,80,7.5,1.47
V2256,3765,1,3.0,80,7.5,1.41
V2257,2488,1,3.0,80,7.5,1.19
V2258,3293,0,0.0,80,7.5,0.62
V2259,1719,1,3.0,80,7.5,0.77
V2260,3549,0,0.0,80,7.5,0.67
V2261,1056,0,0.0,80,7.5,0.79
V2262,4655,1,3.0,80,7.5,1.35
V2263,3170,1,3.0,80,7.5,1.15
V2264,4514,0,0.0,80,7.5,0.78
V2265,2256,1,3.0,80,7.5,1.18
V2266,2902,1,3.0,80,7.5,1.45
V2267,3357,1,3.0,80,7.5,0.91
V2268,2836,0,0.0,80,7.5,0.89
V2269,4875,0,0.0,80,7.5,1.11
V2270,3998,0,0.0,80,7.5,1.07
V2271,1532,0,0.0,80,7.5,0.83
V2272,4583,1,3.0,80,7.5,0.76
V2273,3220,0,0.0,80,7.5,0.6
V2274,4179,0,0.0,80,7.5,1.26
V2275,1242,1,3.0,80,7.5,0.75
V2276,4096,1,3.0,80,7.5,0.69
V2277,4533,0,0.0,80,7.5,1.3
V2278,1725,0,0.0,80,7.5,1.13
V2279,4145,1,3.0,80,7.5,0.89
V2280,3070,0,0.0,80,7.5,1.22
V2281,4427,0,0.0,80,7.5,1.44
V2282,2239,1,3.0,80,7.5,1.48
V2283,4582,1,3.0,80,7.5,0.89
V2284,3058,0,0.0,80,7.5,1.31
V2285,3115,0,0.0,80,7.5,0.83
V2286,1579,0,0.0,80,7.5,0.87
V2287,1176,1,3.0,80,7.5,1.26
V2288,3496,1,3.0,80,7.5,0.82
V2289,4916,1,3.0,80,7.5,1.22
V2290,2854,0,0.0,80,7.5,0.76
V2291,1853,1,3.0,80,7.5,1.17
V2292,885,1,3.0,80,7.5,1.46
V2293,2608,1,3.0,80,7.5,0.61
V2294,3875,1,3.0,80,7.5,0.85
V2295,2757,1,3.0,80,7.5,0.76
V2296,4174,1,3.0,80,7.5,0.89
V2297,2615,0,0.0,80,7.5,0.61
V2298,2264,0,0.0,80,7.5,1.36
V2299,4628,1,3.0,80,7.5,0.97
V2300,1368,1,3.0,80,7.5,1.12
V2301,2476,0,0.0,80,7.5,0.9
V2302,4885,0,0.0,80,7.5,1.29
V2303,1424,1,3.0,80,7.5,0.75
V2304,3304,0,0.0,80,7.5,0.6
V2305,4765,0,0.0,80,7.5,1.08
V2306,2678,1,3.0,80,7.5,0.68
V2307,1239,0,0.0,80,7.5,1.43
V2308,4028,1,3.0,80,7.5,1.38
V2309,1427,1,3.0,80,7.5,0.77
V2310,4863,0,0.0,80,7.5,0.66
V2311,802,1,3.0,80,7.5,0.85
V2312,3516,0,0.0,80,7.5,1.46
V2313,2334,1,3.0,80,7.5,0.68
V2314,1022,1,3.0,80,7.5,0.89
V2315,4536,0,0.0,80,7.5,1.17
V2316,1481,1,3.0,80,7.5,0.85
V2317,4096,0,0.0,80,7.5,0.97
V2318,3103,1,3.0,80,7.5,0.95
V2319,3016,1,3.0,80,7.5,1.36
V2320,2307,1,3.0,80,7.5,0.62
V2321,2758,1,3.0,80,7.5,0.71
V2322,3118,1,3.0,80,7.5,0.75
V2323,1758,1,3.0,80,7.5,0.65
V2324,1154,0,0.0,80,7.5,1.37
V2325,2766,0,0.0,80,7.5,1.4
V2326,1652,0,0.0,80,7.5,0.87
V2327,4077,0,0.0,80,7.5,1.1
V2328,1765,1,3.0,80,7.5,0.9
V2329,3453,0,0.0,80,7.5,1.33
V2330,4805,0,0.0,80,7.5,1.09
V2331,1494,0,0.0,80,7.5,0.88
V2332,4562,0,0.0,80,7.5,1.07
V2333,842,1,3.0,80,7.5,0.95
V2334,4339,1,3.0,80,7.5,1.23
V2335,2995,0,0.0,80,7.5,1.06
V2336,3747,1,3.0,80,7.5,1.39
V2337,3432,0,0.0,80,7.5,0.79
V2338,2274,0,0.0,80,7.5,1.39
V2339,1180,0,0.0,80,7.5,1.35
V2340,3767,1,3.0,80,7.5,1.41
V2341,4399,1,3.0,80,7.5,0.63
V2342,1663,1,3.0,80,7.5,1.26
V2343,1806,1,3.0,80,7.5,0.76
V2344,4564,0,0.0,80,7.5,1.18
V2345,4685,1,3.0,80,7.5,0.98
V2346,1132,1,3.0,80,7.5,0.84
V2347,1107,1,3.0,80,7.5,0.64
V2348,2940,1,3.0,80,7.5,0.97
V2349,2364,1,3.0,80,7.5,0.75
V2350,1458,0,0.0,80,7.5,1.24
V2351,2183,1,3.0,80,7.5,1.03
V2352,2996,0,0.0,80,7.5,0.8
V2353,2090,0,0.0,80,7.5,0.76
V2354,1490,0,0.0,80,7.5,1.02
V2355,2335,1,3.0,80,7.5,0.73
V2356,1551,0,0.0,80,7.5,0.7
V2357,1957,0,0.0,80,7.5,0.95
V2358,2345,0,0.0,80,7.5,0.63
V2359,2428,0,0.0,80,7.5,0.6
V2360,3708,1,3.0,80,7.5,1.01
V2361,1065,1,3.0,80,7.5,1.03
V2362,2780,1,3.0,80,7.5,1.38
V2363,4107,1,3.0,80,7.5,1.04
V2364,4021,0,0.0,80,7.5,1.38
V2365,3205,1,3.0,80,7.5,1.12
V2366,1910,0,0.0,80,7.5,1.35
V2367,3030,0,0.0,80,7.5,1.1
V2368,3139,0,0.0,80,7.5,0.72
V2369,1881,1,3.0,80,7.5,0.67
V2370,2163,1,3.0,80,7.5,1.46
V2371,2450,1,3.0,80,7.5,1.41
V2372,1454,0,0.0,80,7.5,1.48
V2373,1930,0,0.0,80,7.5,1.33
V2374,1547,1,3.0,80,7.5,1.16
V2375,1604,0,0.0,80,7.5,1.15
V2376,2669,1,3.0,80,7.5,0.73
V2377,1689,0,0.0,80,7.5,1.17
V2378,1663,1,3.0,80,7.5,1.38
V2379,2023,1,3.0,80,7.5,1.09
V2380,2997,0,0.0,80,7.5,1.24
V2381,2734,1,3.0,80,7.5,1.33
V2382,1121,1,3.0,80,7.5,1.02
V2383,3114,0,0.0,80,7.5,1.38
V2384,3135,0,0.0,80,7.5,1.32
V2385,3254,0,0.0,80,7.5,0.61
V2386,4123,1,3.0,80,7.5,0.98
V2387,1370,1,3.0,80,7.5,1.08
V2388,3251,1,3.0,80,7.5,0.63
V2389,4560,0,0.0,80,7.5,1.31
V2390,4904,1,3.0,80,7.5,0.67
V2391,4207,1,3.0,80,7.5,1.05
V2392,1297,1,3.0,80,7.5,0.75
V2393,4242,1,3.0,80,7.5,0.62
V2394,3232,1,3.0,80,7.5,1.09
V2395,3281,1,3.0,80,7.5,1.11
V2396,978,0,0.0,80,7.5,0.89
V2397,2163,0,0.0,80,7.5,0.7
V2398,3027,0,0.0,80,7.5,1.11
V2399,4837,1,3.0,80,7.5,1.14
V2400,1104,0,0.0,80,7.5,1.13
V2401,4645,0,0.0,80,7.5,1.26
V2402,4572,1,3.0,80,7.5,0.85
V2403,1101,1,3.0,80,7.5,1.16
V2404,3694,1,3.0,80,7.5,0.94
V2405,1237,0,0.0,80,7.5,1.29
V2406,1168,1,3.0,80,7.5,1.04
V2407,4503,0,0.0,80,7.5,0.95
V2408,3984,0,0.0,80,7.5,1.44
V2409,2150,1,3.0,80,7.5,1.42
V2410,4082,1,3.0,80,7.5,0.85
V2411,2048,0,0.0,80,7.5,0.7
V2412,4587,0,0.0,80,7.5,1.03
V2413,859,0,0.0,80,7.5,1.11
V2414,1086,1,3.0,80,7.5,1.07
V2415,1461,1,3.0,80,7.5,0.67
V2416,2961,1,3.0,80,7.5,1.23
V2417,4133,0,0.0,80,7.5,0.86
V2418,4652,1,3.0,80,7.5,0.9
V2419,3074,0,0.0,80,7.5,1.3
V2420,4092,1,3.0,80,7.5,1.48
V2421,3068,0,0.0,80,7.5,1.15
V2422,4506,1,3.0,80,7.5,1.1
V2423,3084,0,0.0,80,7.5,1.01
V2424,4905,1,3.0,80,7.5,1.19
V2425,4299,0,0.0,80,7.5,1.27
V2426,1019,0,0.0,80,7.5,1.48
V2427,2354,1,3.0,80,7.5,1.4
V2428,1247,0,0.0,80,7.5,0.91
V2429,2782,0,0.0,80,7.5,0.81
V2430,1613,1,3.0,80,7.5,1.11
V2431,2126,1,3.0,80,7.5,1.12
V2432,1318,0,0.0,80,7.5,1.39
V2433,2451,1,3.0,80,7.5,1.02
V2434,3968,1,3.0,80,7.5,0.88
V2435,2683,1,3.0,80,7.5,1.19
V2436,1953,0,0.0,80,7.5,1.28
V2437,1493,1,3.0,80,7.5,0.68
V2438,1568,1,3.0,80,7.5,1.26
V2439,1846,0,0.0,80,7.5,1.33
V2440,3070,1,3.0,80,7.5,1.07
V2441,4959,0,0.0,80,7.5,0.71
V2442,1583,0,0.0,80,7.5,1.27
V2443,2966,1,3.0,80,7.5,0.93
V2444,2562,1,3.0,80,7.5,1.12
V2445,4013,1,3.0,80,7.5,0.9
V2446,4142,0,0.0,80,7.5,1.37
V2447,2325,1,3.0,80,7.5,0.91
V2448,2901,0,0.0,80,7.5,1.1
V2449,3197,1,3.0,80,7.5,0.79
V2450,1056,0,0.0,80,7.5,0.88
V2451,3900,1,3.0,80,7.5,1.36
V2452,970,0,0.0,80,7.5,1.15
V2453,3283,1,3.0,80,7.5,1.38
V2454,2959,0,0.0,80,7.5,1.48
V2455,1889,0,0.0,80,7.5,1.12
V2456,2809,1,3.0,80,7.5,1.44
V2457,1408,0,0.0,80,7.5,0.97
V2458,2554,1,3.0,80,7.5,0.85
V2459,2930,0,0.0,80,7.5,1.1
V2460,3322,1,3.0,80,7.5,1.02
V2461,2554,0,0.0,80,7.5,0.9
V2462,1495,0,0.0,80,7.5,1.23
V2463,4090,1,3.0,80,7.5,1.24
V2464,4882,1,3.0,80,7.5,1.31
V2465,1117,1,3.0,80,7.5,1.33
V2466,1187,1,3.0,80,7.5,1.38
V2467,3598,0,0.0,80,7.5,1.19
V2468,2127,1,3.0,80,7.5,1.37
V2469,3798,0,0.0,80,7.5,1.42
V2470,2275,1,3.0,80,7.5,0.89
V2471,4086,1,3.0,80,7.5,0.77
V2472,4391,1,3.0,80,7.5,1.05
V2473,2637,0,0.0,80,7.5,0.62
V2474,1666,1,3.0,80,7.5,1.18
V2475,1607,0,0.0,80,7.5,1.31
V2476,1380,1,3.0,80,7.5,0.96
V2477,4143,0,0.0,80,7.5,0.72
V2478,4938,0,0.0,80,7.5,0.75
V2479,1349,0,0.0,80,7.5,1.4
V2480,2050,1,3.0,80,7.5,1.4
V2481,3232,0,0.0,80,7.5,1.37
V2482,4107,1,3.0,80,7.5,0.75
V2483,3575,0,0.0,80,7.5,1.36
V2484,2111,1,3.0,80,7.5,1.39
V2485,4369,1,3.0,80,7.5,1.18
V2486,2884,1,3.0,80,7.5,0.62
V2487,1954,1,3.0,80,7.5,1.08
V2488,1514,0,0.0,80,7.5,0.97
V2489,4292,0,0.0,80,7.5,1.3
V2490,2805,1,3.0,80,7.5,1.0
V2491,3095,0,0.0,80,7.5,0.91
V2492,2834,1,3.0,80,7.5,0.7
V2493,4330,0,0.0,80,7.5,1.16
V2494,3186,0,0.0,80,7.5,0.88
V2495,3371,0,0.0,80,7.5,0.93
V2496,3834,1,3.0,80,7.5,1.24
V2497,1067,1,3.0,80,7.5,0.8
V2498,857,1,3.0,80,7.5,1.32
V2499,1904,1,3.0,80,7.5,1.36
V2500,1117,1,3.0,80,7.5,1.33
V2501,2842,1,3.0,80,7.5,1.41
V2502,4895,0,0.0,80,7.5,1.32
V2503,1530,1,3.0,80,7.5,1.15
V2504,1549,0,0.0,80,7.5,1.46
V2505,1257,0,0.0,80,7.5,0.74
V2506,1332,0,0.0,80,7.5,1.04
V2507,3119,1,3.0,80,7.5,1.32
V2508,2749,0,0.0,80,7.5,1.13
V2509,2210,1,3.0,80,7.5,1.34
V2510,4657,0,0.0,80,7.5,0.76
V2511,1152,1,3.0,80,7.5,1.45
V2512,3598,1,3.0,80,7.5,0.88
V2513,2954,1,3.0,80,7.5,0.82
V2514,4613,1,3.0,80,7.5,1.25
V2515,4809,1,3.0,80,7.5,0.67
V2516,2630,0,0.0,80,7.5,1.46
V2517,3901,1,3.0,80,7.5,0.65
V2518,1509,1,3.0,80,7.5,0.68
V2519,4102,1,3.0,80,7.5,1.42
V2520,1626,0,0.0,80,7.5,1.23
V2521,4720,0,0.0,80,7.5,1.3
V2522,2341,1,3.0,80,7.5,1.05
V2523,3275,0,0.0,80,7.5,1.49
V2524,3934,0,0.0,80,7.5,0.6
V2525,3411,1,3.0,80,7.5,1.38
V2526,2856,1,3.0,80,7.5,0.77
V2527,3470,1,3.0,80,7.5,0.9
V2528,3596,1,3.0,80,7.5,0.96
V2529,1278,1,3.0,80,7.5,0.79
V2530,2059,0,0.0,80,7.5,1.34
V2531,1483,1,3.0,80,7.5,1.48
V2532,2644,1,3.0,80,7.5,1.11
V2533,2808,0,0.0,80,7.5,1.37
V2534,2688,0,0.0,80,7.5,1.19
V2535,2363,0,0.0,80,7.5,0.66
V2536,4107,1,3.0,80,7.5,0.76
V2537,3590,0,0.0,80,7.5,0.64
V2538,1820,1,3.0,80,7.5,0.89
V2539,4030,0,0.0,80,7.5,1.23
V2540,4792,1,3.0,80,7.5,1.12
V2541,2991,1,3.0,80,7.5,1.46
V2542,3605,1,3.0,80,7.5,0.8
V2543,3815,1,3.0,80,7.5,0.89
V2544,4579,1,3.0,80,7.5,0.85
V2545,1915,0,0.0,80,7.5,1.11
V2546,4039,0,0.0,80,7.5,0.89
V2547,2471,1,3.0,80,7.5,0.92
V2548,3265,0,0.0,80,7.5,0.97
V2549,2030,1,3.0,80,7.5,0.78
V2550,3920,0,0.0,80,7.5,0.93
V2551,4837,0,0.0,80,7.5,1.3
V2552,3432,1,3.0,80,7.5,0.74
V2553,4748,0,0.0,80,7.5,1.2
V2554,2287,1,3.0,80,7.5,0.68
V2555,4621,1,3.0,80,7.5,0.73
V2556,2427,0,0.0,80,7.5,0.62
V2557,3184,0,0.0,80,7.5,0.95
V2558,1814,1,3.0,80,7.5,1.33
V2559,3652,1,3.0,80,7.5,1.02
V2560,3118,0,0.0,80,7.5,1.12
V2561,1819,1,3.0,80,7.5,1.28
V2562,1362,0,0.0,80,7.5,1.44
V2563,3448,0,0.0,80,7.5,1.46
V2564,803,0,0.0,80,7.5,0.83
V2565,4254,0,0.0,80,7.5,1.3
V2566,4322,0,0.0,80,7.5,1.32
V2567,1818,0,0.0,80,7.5,1.31
V2568,3600,0,0.0,80,7.5,0.96
V2569,4455,0,0.0,80,7.5,1.22
V2570,1951,1,3.0,80,7.5,1.36
V2571,1527,1,3.0,80,7.5,0.99
V2572,2397,0,0.0,80,7.5,0.76
V2573,4763,0,0.0,80,7.5,1.22
V2574,950,1,3.0,80,7.5,0.81
V2575,1563,1,3.0,80,7.5,1.17
V2576,1426,0,0.0,80,7.5,1.47
V2577,2742,0,0.0,80,7.5,0.9
V2578,3133,1,3.0,80,7.5,1.16
V2579,3815,0,0.0,80,7.5,1.0
V2580,1555,0,0.0,80,7.5,1.31
V2581,4050,1,3.0,80,7.5,1.5
V2582,2408,1,3.0,80,7.5,1.0
V2583,1971,1,3.0,80,7.5,1.11
V2584,3279,1,3.0,80,7.5,1.06
V2585,3502,1,3.0,80,7.5,1.1
V2586,4998,1,3.0,80,7.5,0.62
V2587,3754,0,0.0,80,7.5,1.43
V2588,1274,0,0.0,80,7.5,1.3
V2589,1908,1,3.0,80,7.5,1.26
V2590,4403,1,3.0,80,7.5,0.68
V2591,3873,0,0.0,80,7.5,1.14
V2592,1509,0,0.0,80,7.5,1.1
V2593,4680,0,0.0,80,7.5,1.06
V2594,4123,0,0.0,80,7.5,1.01
V2595,3492,1,3.0,80,7.5,0.73
V2596,1753,1,3.0,80,7.5,0.74
V2597,3806,1,3.0,80,7.5,1.04
V2598,2133,1,3.0,80,7.5,1.05
V2599,1735,1,3.0,80,7.5,1.38
V2600,2822,0,0.0,80,7.5,0.95
V2601,4444,0,0.0,80,7.5,0.66
V2602,4896,0,0.0,80,7.5,1.47
V2603,4572,1,3.0,80,7.5,1.28
V2604,967,0,0.0,80,7.5,0.82
V2605,1740,1,3.0,80,7.5,1.21
V2606,3176,0,0.0,80,7.5,1.04
V2607,4816,0,0.0,80,7.5,0.63
V2608,1570,1,3.0,80,7.5,0.97
V2609,1665,0,0.0,80,7.5,1.47
V2610,2998,0,0.0,80,7.5,1.08
V2611,846,1,3.0,80,7.5,0.91
V2612,1704,1,3.0,80,7.5,1.49
V2613,2197,1,3.0,80,7.5,0.96
V2614,1757,1,3.0,80,7.5,1.28
V2615,3538,1,3.0,80,7.5,1.17
V2616,2418,1,3.0,80,7.5,1.4
V2617,1296,1,3.0,80,7.5,1.02
V2618,1490,1,3.0,80,7.5,1.43
V2619,2321,1,3.0,80,7.5,1.31
V2620,4917,0,0.0,80,7.5,0.69
V2621,833,0,0.0,80,7.5,0.68
V2622,972,1,3.0,80,7.5,1.04
V2623,1559,1,3.0,80,7.5,0.87
V2624,3014,0,0.0,80,7.5,1.34
V2625,1889,0,0.0,80,7.5,0.78
V2626,3853,1,3.0,80,7.5,1.29
V2627,1151,1,3.0,80,7.5,0.67
V2628,2734,1,3.0,80,7.5,1.26
V2629,2561,0,0.0,80,7.5,0.82
V2630,3928,1,3.0,80,7.5,1.48
V2631,4038,0,0.0,80,7.5,0.9
V2632,3317,0,0.0,80,7.5,0.67
V2633,2738,0,0.0,80,7.5,1.28
V2634,3379,1,3.0,80,7.5,1.48
V2635,4580,1,3.0,80,7.5,0.86
V2636,2051,1,3.0,80,7.5,0.68
V2637,3005,1,3.0,80,7.5,0.91
V2638,2530,0,0.0,80,7.5,1.14
V2639,1575,1,3.0,80,7.5,1.12
V2640,4619,0,0.0,80,7.5,1.09
V2641,4969,0,0.0,80,7.5,0.76
V2642,2082,1,3.0,80,7.5,0.87
V2643,2932,0,0.0,80,7.5,1.04
V2644,1506,0,0.0,80,7.5,1.49
V2645,3716,0,0.0,80,7.5,1.19
V2646,3495,0,0.0,80,7.5,0.69
V2647,1423,0,0.0,80,7.5,0.63
V2648,1439,0,0.0,80,7.5,1.34
V2649,1367,1,3.0,80,7.5,1.34
V2650,4616,1,3.0,80,7.5,0.71
V2651,4290,1,3.0,80,7.5,0.87
V2652,1058,1,3.0,80,7.5,1.25
V2653,2936,0,0.0,80,7.5,1.26
V2654,1765,0,0.0,80,7.5,0.94
V2655,4414,0,0.0,80,7.5,1.36
V2656,1255,1,3.0,80,7.5,0.89
V2657,1543,0,0.0,80,7.5,1.45
V2658,918,0,0.0,80,7.5,0.93
V2659,4045,1,3.0,80,7.5,1.12
V2660,3938,1,3.0,80,7.5,1.37
V2661,3767,0,0.0,80,7.5,0.79
V2662,1339,1,3.0,80,7.5,1.36
V2663,845,0,0.0,80,7.5,1.35
V2664,2992,1,3.0,80,7.5,0.63
V2665,4381,0,0.0,80,7.5,1.31
V2666,3651,1,3.0,80,7.5,0.65
V2667,4564,1,3.0,80,7.5,0.98
V2668,3498,0,0.0,80,7.5,1.32
V2669,1958,1,3.0,80,7.5,1.37
V2670,1154,0,0.0,80,7.5,1.08
V2671,3309,0,0.0,80,7.5,1.29
V2672,2314,1,3.0,80,7.5,0.82
V2673,2983,1,3.0,80,7.5,1.11
V2674,4334,1,3.0,80,7.5,1.05
V2675,2606,1,3.0,80,7.5,0.77
V2676,2217,1,3.0,80,7.5,0.98
V2677,1660,0,0.0,80,7.5,0.93
V2678,1084,0,0.0,80,7.5,1.3
V2679,4713,0,0.0,80,7.5,1.16
V2680,1870,0,0.0,80,7.5,0.66
V2681,4355,0,0.0,80,7.5,0.7
V2682,2493,1,3.0,80,7.5,0.84
V2683,2607,1,3.0,80,7.5,0.92
V2684,3295,1,3.0,80,7.5,1.17
V2685,888,1,3.0,80,7.5,1.39
V2686,3626,1,3.0,80,7.5,1.48
V2687,1417,0,0.0,80,7.5,1.34
V2688,1953,0,0.0,80,7.5,0.93
V2689,1314,0,0.0,80,7.5,0.96
V2690,1367,0,0.0,80,7.5,0.74
V2691,1619,1,3.0,80,7.5,1.15
V2692,3423,0,0.0,80,7.5,0.97
V2693,3962,1,3.0,80,7.5,1.5
V2694,2462,0,0.0,80,7.5,1.11
V2695,3520,1,3.0,80,7.5,0.97
V2696,1687,0,0.0,80,7.5,1.41
V2697,4413,1,3.0,80,7.5,0.76
V2698,1284,1,3.0,80,7.5,0.64
V2699,2478,1,3.0,80,7.5,0.86
V2700,3020,1,3.0,80,7.5,1.48
V2701,4673,1,3.0,80,7.5,1.26
V2702,3015,1,3.0,80,7.5,1.24
V2703,3929,0,0.0,80,7.5,0.8
V2704,1235,0,0.0,80,7.5,0.6
V2705,4915,0,0.0,80,7.5,0.89
V2706,2859,1,3.0,80,7.5,1.23
V2707,1754,1,3.0,80,7.5,0.7
V2708,1211,0,0.0,80,7.5,1.13
V2709,1409,1,3.0,80,7.5,0.71
V2710,2084,0,0.0,80,7.5,1.21
V2711,1694,1,3.0,80,7.5,1.25
V2712,3224,1,3.0,80,7.5,0.71
V2713,2663,0,0.0,80,7.5,0.81
V2714,1330,0,0.0,80,7.5,1.23
V2715,2834,1,3.0,80,7.5,1.05
V2716,3644,0,0.0,80,7.5,1.01
V2717,2616,1,3.0,80,7.5,1.12
V2718,1226,0,0.0,80,7.5,0.68
V2719,931,0,0.0,80,7.5,1.23
V2720,3215,0,0.0,80,7.5,0.68
V2721,2674,1,3.0,80,7.5,0.86
V2722,3657,0,0.0,80,7.5,1.21
V2723,1186,0,0.0,80,7.5,1.12
V2724,3755,1,3.0,80,7.5,0.78
V2725,2679,0,0.0,80,7.5,1.46
V2726,1552,1,3.0,80,7.5,1.34
V2727,3882,1,3.0,80,7.5,0.71
V2728,2904,1,3.0,80,7.5,0.76
V2729,4775,0,0.0,80,7.5,1.21
V2730,2888,1,3.0,80,7.5,1.12
V2731,2501,1,3.0,80,7.5,0.71
V2732,4095,1,3.0,80,7.5,1.17
V2733,4769,1,3.0,80,7.5,1.24
V2734,3689,1,3.0,80,7.5,0.67
V2735,3793,1,3.0,80,7.5,0.79
V2736,2181,0,0.0,80,7.5,0.87
V2737,1021,1,3.0,80,7.5,0.76
V2738,1277,0,0.0,80,7.5,0.63
V2739,4076,1,3.0,80,7.5,0.73
V2740,3757,1,3.0,80,7.5,1.46
V2741,1741,1,3.0,80,7.5,1.08
V2742,3087,0,0.0,80,7.5,0.91
V2743,3365,1,3.0,80,7.5,1.47
V2744,4001,0,0.0,80,7.5,0.87
V2745,4654,0,0.0,80,7.5,1.43
V2746,1398,0,0.0,80,7.5,1.39
V2747,1842,1,3.0,80,7.5,0.63
V2748,4855,1,3.0,80,7.5,0.68
V2749,3691,1,3.0,80,7.5,0.93
V2750,4385,0,0.0,80,7.5,0.73
V2751,2264,0,0.0,80,7.5,1.18
V2752,4907,0,0.0,80,7.5,0.91
V2753,3393,1,3.0,80,7.5,1.27
V2754,1806,1,3.0,80,7.5,0.77
V2755,2285,0,0.0,80,7.5,1.32
V2756,2522,0,0.0,80,7.5,1.1
V2757,2961,0,0.0,80,7.5,0.8
V2758,2154,1,3.0,80,7.5,1.02
V2759,3076,1,3.0,80,7.5,0.72
V2760,2381,0,0.0,80,7.5,1.44
V2761,2440,0,0.0,80,7.5,0.73
V2762,1363,1,3.0,80,7.5,0.93
V2763,4104,1,3.0,80,7.5,0.79
V2764,2020,0,0.0,80,7.5,1.42
V2765,3007,1,3.0,80,7.5,0.62
V2766,3259,1,3.0,80,7.5,1.26
V2767,3957,0,0.0,80,7.5,1.41
V2768,2658,1,3.0,80,7.5,1.2
V2769,4772,0,0.0,80,7.5,1.12
V2770,4063,1,3.0,80,7.5,0.76
V2771,4829,0,0.0,80,7.5,0.91
V2772,3585,0,0.0,80,7.5,0.81
V2773,3304,0,0.0,80,7.5,1.5
V2774,2385,0,0.0,80,7.5,1.01
V2775,4295,0,0.0,80,7.5,1.19
V2776,1882,0,0.0,80,7.5,1.32
V2777,1186,1,3.0,80,7.5,0.95
V2778,845,0,0.0,80,7.5,1.39
V2779,3128,0,0.0,80,7.5,0.72
V2780,4320,1,3.0,80,7.5,0.91
V2781,1493,1,3.0,80,7.5,1.03
V2782,3950,0,0.0,80,7.5,0.99
V2783,2900,0,0.0,80,7.5,1.08
V2784,3835,0,0.0,80,7.5,1.02
V2785,1662,1,3.0,80,7.5,0.69
V2786,4428,1,3.0,80,7.5,0.81
V2787,3390,1,3.0,80,7.5,0.81
V2788,1189,0,0.0,80,7.5,1.07
V2789,2076,0,0.0,80,7.5,1.1
V2790,4878,1,3.0,80,7.5,1.47
V2791,3732,1,3.0,80,7.5,1.3
V2792,1748,1,3.0,80,7.5,0.9
V2793,1083,0,0.0,80,7.5,1.28
V2794,3430,1,3.0,80,7.5,1.03
V2795,4887,1,3.0,80,7.5,0.93
V2796,2754,0,0.0,80,7.5,1.02
V2797,1359,1,3.0,80,7.5,0.7
V2798,821,0,0.0,80,7.5,1.38
V2799,1491,0,0.0,80,7.5,0.74
V2800,2406,0,0.0,80,7.5,1.31
V2801,3976,0,0.0,80,7.5,0.68
V2802,3579,1,3.0,80,7.5,0.88
V2803,1970,1,3.0,80,7.5,0.72
V2804,2263,1,3.0,80,7.5,0.71
V2805,3755,1,3.0,80,7.5,0.96
V2806,3107,1,3.0,80,7.5,0.79
V2807,1298,1,3.0,80,7.5,1.25
V2808,3801,0,0.0,80,7.5,1.34
V2809,1286,0,0.0,80,7.5,1.14
V2810,2063,1,3.0,80,7.5,1.31
V2811,2196,0,0.0,80,7.5,0.95
V2812,2483,1,3.0,80,7.5,1.03
V2813,4071,0,0.0,80,7.5,1.39
V2814,3981,1,3.0,80,7.5,1.15
V2815,4130,1,3.0,80,7.5,0.92
V2816,2323,0,0.0,80,7.5,1.12
V2817,1813,0,0.0,80,7.5,0.69
V2818,908,0,0.0,80,7.5,1.02
V2819,4163,0,0.0,80,7.5,0.97
V2820,3488,0,0.0,80,7.5,0.92
V2821,2914,1,3.0,80,7.5,1.23
V2822,4858,0,0.0,80,7.5,0.8
V2823,953,1,3.0,80,7.5,1.29
V2824,3379,1,3.0,80,7.5,0.81
V2825,4263,0,0.0,80,7.5,1.09
V2826,3815,0,0.0,80,7.5,0.68
V2827,3427,1,3.0,80,7.5,1.18
V2828,3874,1,3.0,80,7.5,1.23
V2829,2123,1,3.0,80,7.5,1.35
V2830,4439,0,0.0,80,7.5,0.84
V2831,4574,1,3.0,80,7.5,1.0
V2832,3698,0,0.0,80,7.5,0.83
V2833,3148,0,0.0,80,7.5,1.13
V2834,4540,1,3.0,80,7.5,0.81
V2835,1595,1,3.0,80,7.5,1.26
V2836,1763,0,0.0,80,7.5,1.46
V2837,4271,0,0.0,80,7.5,1.23
V2838,4614,1,3.0,80,7.5,0.65
V2839,3310,0,0.0,80,7.5,1.45
V2840,4921,0,0.0,80,7.5,1.24
V2841,3402,0,0.0,80,7.5,1.48
V2842,2516,0,0.0,80,7.5,0.78
V2843,1631,0,0.0,80,7.5,1.14
V2844,4954,1,3.0,80,7.5,1.45
V2845,2047,1,3.0,80,7.5,0.7
V2846,1350,1,3.0,80,7.5,1.48
V2847,4357,1,3.0,80,7.5,0.95
V2848,2846,0,0.0,80,7.5,0.99
V2849,3664,0,0.0,80,7.5,0.67
V2850,3570,0,0.0,80,7.5,1.18
V2851,4292,0,0.0,80,7.5,1.04
V2852,898,1,3.0,80,7.5,1.37
V2853,1333,1,3.0,80,7.5,1.47
V2854,4899,1,3.0,80,7.5,0.86
V2855,3585,0,0.0,80,7.5,1.01
V2856,4230,0,0.0,80,7.5,1.24
V2857,2841,0,0.0,80,7.5,1.2
V2858,1760,0,0.0,80,7.5,1.47
V2859,1965,1,3.0,80,7.5,1.43
V2860,3702,1,3.0,80,7.5,1.26
V2861,3976,0,0.0,80,7.5,0.87
V2862,2211,1,3.0,80,7.5,1.08
V2863,3414,1,3.0,80,7.5,1.39
V2864,2562,0,0.0,80,7.5,1.19
V2865,2254,0,0.0,80,7.5,1.18
V2866,4695,0,0.0,80,7.5,0.86
V2867,3725,0,0.0,80,7.5,1.5
V2868,4797,1,3.0,80,7.5,0.84
V2869,2359,0,0.0,80,7.5,0.84
V2870,3011,0,0.0,80,7.5,1.08
V2871,4537,1,3.0,80,7.5,1.06
V2872,2348,0,0.0,80,7.5,1.18
V2873,2790,1,3.0,80,7.5,1.44
V2874,2533,0,0.0,80,7.5,0.92
V2875,3420,0,0.0,80,7.5,0.81
V2876,3750,1,3.0,80,7.5,1.45
V2877,1287,1,3.0,80,7.5,0.64
V2878,4857,1,3.0,80,7.5,1.13
V2879,1860,0,0.0,80,7.5,1.08
V2880,3310,0,0.0,80,7.5,1.2
V2881,4029,0,0.0,80,7.5,0.67
V2882,1684,0,0.0,80,7.5,1.0
V2883,1460,1,3.0,80,7.5,0.92
V2884,1100,1,3.0,80,7.5,1.49
V2885,1758,0,0.0,80,7.5,1.46
V2886,3831,1,3.0,80,7.5,1.03
V2887,4142,0,0.0,80,7.5,0.61
V2888,3596,1,3.0,80,7.5,1.39
V2889,3429,0,0.0,80,7.5,1.0
V2890,1513,0,0.0,80,7.5,1.08
V2891,2650,1,3.0,80,7.5,0.72
V2892,2508,0,0.0,80,7.5,0.81
V2893,829,1,3.0,80,7.5,0.71
V2894,4448,0,0.0,80,7.5,1.16
V2895,3012,0,0.0,80,7.5,0.78
V2896,3191,1,3.0,80,7.5,1.39
V2897,1612,0,0.0,80,7.5,0.74
V2898,3310,0,0.0,80,7.5,1.21
V2899,3803,0,0.0,80,7.5,1.26
V2900,4097,1,3.0,80,7.5,1.02
V2901,1033,0,0.0,80,7.5,1.43
V2902,4023,1,3.0,80,7.5,1.11
V2903,3960,0,0.0,80,7.5,1.09
V2904,1773,0,0.0,80,7.5,1.21
V2905,4265,1,3.0,80,7.5,0.96
V2906,2272,1,3.0,80,7.5,0.89
V2907,3136,1,3.0,80,7.5,1.35
V2908,4848,1,3.0,80,7.5,1.27
V2909,3439,0,0.0,80,7.5,1.24
V2910,4645,0,0.0,80,7.5,1.47
V2911,1913,1,3.0,80,7.5,1.37
V2912,4325,0,0.0,80,7.5,0.94
V2913,3330,1,3.0,80,7.5,1.17
V2914,2977,0,0.0,80,7.5,0.66
V2915,1687,0,0.0,80,7.5,1.44
V2916,3842,1,3.0,80,7.5,0.78
V2917,2012,1,3.0,80,7.5,1.09
V2918,3616,0,0.0,80,7.5,0.67
V2919,2848,1,3.0,80,7.5,1.05
V2920,3538,0,0.0,80,7.5,0.8
V2921,2152,1,3.0,80,7.5,0.61
V2922,1590,0,0.0,80,7.5,0.67
V2923,3184,0,0.0,80,7.5,1.32
V2924,3919,0,0.0,80,7.5,0.9
V2925,4875,0,0.0,80,7.5,0.65
V2926,4837,1,3.0,80,7.5,1.29
V2927,4177,0,0.0,80,7.5,0.85
V2928,1057,1,3.0,80,7.5,0.66
V2929,2510,1,3.0,80,7.5,1.16
V2930,4273,1,3.0,80,7.5,0.83
V2931,1808,0,0.0,80,7.5,1.22
V2932,1202,1,3.0,80,7.5,1.09
V2933,1531,0,0.0,80,7.5,0.64
V2934,1655,0,0.0,80,7.5,0.63
V2935,4686,0,0.0,80,7.5,0.63
V2936,960,0,0.0,80,7.5,1.02
V2937,852,0,0.0,80,7.5,0.89
V2938,3258,0,0.0,80,7.5,0.84
V2939,3113,0,0.0,80,7.5,1.03
V2940,3840,0,0.0,80,7.5,1.14
V2941,3133,1,3.0,80,7.5,1.04
V2942,2230,0,0.0,80,7.5,1.0
V2943,3600,1,3.0,80,7.5,0.87
V2944,2695,0,0.0,80,7.5,1.38
V2945,4436,1,3.0,80,7.5,0.95
V2946,2182,1,3.0,80,7.5,0.68
V2947,3744,0,0.0,80,7.5,1.12
V2948,1823,0,0.0,80,7.5,1.27
V2949,1938,0,0.0,80,7.5,0.74
V2950,4930,1,3.0,80,7.5,1.32
V2951,3097,1,3.0,80,7.5,0.61
V2952,2140,1,3.0,80,7.5,1.16
V2953,3753,0,0.0,80,7.5,0.98
V2954,1595,0,0.0,80,7.5,0.94
V2955,4139,1,3.0,80,7.5,1.43
V2956,4282,0,0.0,80,7.5,1.17
V2957,3150,1,3.0,80,7.5,0.92
V2958,2322,0,0.0,80,7.5,1.39
V2959,909,1,3.0,80,7.5,0.73
V2960,2266,1,3.0,80,7.5,1.02
V2961,4310,1,3.0,80,7.5,1.18
V2962,1622,1,3.0,80,7.5,1.01
V2963,1608,0,0.0,80,7.5,1.17
V2964,2321,1,3.0,80,7.5,0.97
V2965,2419,1,3.0,80,7.5,1.29
V2966,1452,1,3.0,80,7.5,1.25
V2967,3955,1,3.0,80,7.5,0.76
V2968,1312,1,3.0,80,7.5,1.17
V2969,2956,0,0.0,80,7.5,0.93
V2970,4490,1,3.0,80,7.5,0.77
V2971,3151,1,3.0,80,7.5,1.01
V2972,3829,1,3.0,80,7.5,0.67
V2973,2801,1,3.0,80,7.5,0.87
V2974,2807,0,0.0,80,7.5,1.48
V2975,4432,1,3.0,80,7.5,0.93
V2976,4703,0,0.0,80,7.5,1.4
V2977,1752,0,0.0,80,7.5,0.72
V2978,4982,0,0.0,80,7.5,1.37
V2979,813,0,0.0,80,7.5,1.29
V2980,4021,1,3.0,80,7.5,0.92
V2981,2125,0,0.0,80,7.5,1.43
V2982,3805,0,0.0,80,7.5,0.74
V2983,3368,1,3.0,80,7.5,1.45
V2984,2409,1,3.0,80,7.5,1.37
V2985,2335,1,3.0,80,7.5,1.46
V2986,4265,1,3.0,80,7.5,0.76
V2987,3702,1,3.0,80,7.5,0.76
V2988,847,0,0.0,80,7.5,1.09
V2989,4083,1,3.0,80,7.5,0.86
V2990,2798,0,0.0,80,7.5,1.05
V2991,1626,0,0.0,80,7.5,1.28
V2992,3375,1,3.0,80,7.5,1.39
V2993,864,0,0.0,80,7.5,0.82
V2994,4266,0,0.0,80,7.5,1.26
V2995,3555,1,3.0,80,7.5,1.12
V2996,3156,0,0.0,80,7.5,0.6
V2997,3680,1,3.0,80,7.5,0.88
V2998,3402,0,0.0,80,7.5,1.41
V2999,1877,0,0.0,80,7.5,1.26
